,fixed acidity,volatile acidity,citric acid,residual sugar,chlorides,free sulfur dioxide,total sulfur dioxide,density,sulphates,color_white
0,9.4,0.42,0.32,6.5,0.027000000000000003,20.0,167.0,0.99479,0.43,1
1,8.6,0.635,0.68,1.8,0.40299999999999997,19.0,56.0,0.9963200000000001,1.15,0
2,5.7,0.695,0.06,6.8,0.042,9.0,84.0,0.9943200000000001,0.44,1
3,8.0,0.57,0.23,3.2,0.073,17.0,119.0,0.99675,0.57,0
4,7.1,0.17,0.38,7.4,0.052000000000000005,49.0,182.0,0.9958,0.52,1
5,9.1,0.775,0.22,2.2,0.079,12.0,48.0,0.9976,0.51,0
6,5.9,0.14,0.25,4.5,0.027000000000000003,34.0,140.0,0.9934,0.51,1
7,7.0,0.45,0.34,2.7,0.08199999999999999,16.0,72.0,0.998,0.6,0
8,6.8,0.27,0.12,1.3,0.04,87.0,168.0,0.992,0.41,1
9,5.7,0.16,0.26,6.3,0.043,28.0,113.0,0.9936,0.58,1
10,6.9,0.67,0.06,2.1,0.08,8.0,33.0,0.99845,0.71,0
11,7.9,0.34,0.44,6.5,0.027000000000000003,47.0,126.0,0.99124,0.37,1
12,6.8,0.32,0.32,8.7,0.028999999999999998,31.0,105.0,0.99146,0.34,1
13,7.2,0.24,0.28,1.9,0.032,30.0,92.0,0.9914,0.39,1
14,8.1,0.3,0.49,8.1,0.037000000000000005,26.0,174.0,0.9943,0.3,1
15,6.6,0.31,0.28,1.4,0.035,28.0,107.0,0.98836,0.4,1
16,13.0,0.32,0.65,2.6,0.09300000000000001,15.0,47.0,0.9996,0.61,0
17,8.1,0.78,0.23,2.6,0.059000000000000004,5.0,15.0,0.997,0.56,0
18,7.1,0.09,0.3,6.2,0.032,24.0,134.0,0.993,0.39,1
19,6.9,0.21,0.33,1.8,0.034,48.0,136.0,0.9899,0.41,1
20,6.7,0.25,0.74,19.4,0.054000000000000006,44.0,169.0,1.0004,0.45,1
21,7.6,0.43,0.4,2.7,0.08199999999999999,6.0,11.0,0.9953799999999999,0.54,0
22,7.1,0.685,0.35,2.0,0.08800000000000001,9.0,92.0,0.9963,0.62,0
23,7.4,0.21,0.3,8.1,0.047,13.0,114.0,0.9941,0.35,1
24,6.8,0.28,0.37,7.0,0.057,35.0,208.0,0.9973,0.55,1
25,7.9,0.41,0.37,4.5,0.03,40.0,114.0,0.992,0.54,1
26,6.7,0.45,0.3,5.3,0.036000000000000004,27.0,165.0,0.9912200000000001,0.46,1
27,7.0,0.2,0.37,2.0,0.03,26.0,136.0,0.9932,0.61,1
28,6.9,0.23,0.34,2.7,0.032,24.0,121.0,0.9902,0.38,1
29,5.6,0.3,0.1,6.4,0.043,34.0,142.0,0.99382,0.48,1
30,7.0,0.57,0.02,2.0,0.07200000000000001,17.0,26.0,0.99575,0.61,0
31,7.9,0.18,0.37,1.2,0.04,16.0,75.0,0.992,0.63,1
32,7.2,0.28,0.3,10.7,0.044000000000000004,61.0,222.0,0.9972,0.5,1
33,9.1,0.21,0.37,1.6,0.067,6.0,10.0,0.9955200000000001,0.58,0
34,6.8,0.51,0.3,4.2,0.066,38.0,165.0,0.9945,0.42,1
35,6.4,0.64,0.21,1.8,0.081,14.0,31.0,0.9968899999999999,0.66,0
36,6.7,0.16,0.34,1.6,0.026000000000000002,27.0,109.0,0.9934,0.58,1
37,7.3,0.26,0.32,1.2,0.040999999999999995,29.0,94.0,0.9897799999999999,0.45,1
38,6.7,0.3,0.45,10.6,0.032,56.0,212.0,0.997,0.59,1
39,8.9,0.33,0.34,1.4,0.055999999999999994,14.0,171.0,0.9946,0.47,1
40,8.4,0.745,0.11,1.9,0.09,16.0,63.0,0.9965,0.82,0
41,9.9,0.57,0.25,2.0,0.10400000000000001,12.0,89.0,0.9963,0.9,0
42,7.0,0.35,0.17,1.1,0.049,7.0,119.0,0.99297,0.36,1
43,7.3,0.22,0.26,1.5,0.04,32.0,172.0,0.9919399999999999,0.48,1
44,8.4,0.22,0.3,1.3,0.038,45.0,122.0,0.9917799999999999,0.54,1
45,7.2,0.3,0.3,8.1,0.05,40.0,188.0,0.9965200000000001,0.49,1
46,9.8,0.36,0.46,10.5,0.038,4.0,83.0,0.9956,0.3,1
47,7.3,0.42,0.38,6.8,0.045,29.0,122.0,0.9925,0.37,1
48,6.4,0.29,0.44,3.6,0.19699999999999998,75.0,183.0,0.9942,0.38,1
49,6.1,0.33,0.32,7.8,0.052000000000000005,52.0,183.0,0.9965700000000001,0.65,1
50,6.4,0.27,0.29,3.9,0.034,62.0,140.0,0.9923700000000001,0.59,1
51,6.5,0.25,0.5,7.6,0.047,54.0,184.0,0.99572,0.45,1
52,6.6,0.34,0.4,8.1,0.046,68.0,170.0,0.9949399999999999,0.5,1
53,7.0,0.32,0.27,7.1,0.027000000000000003,37.0,122.0,0.99165,0.6,1
54,6.0,0.33,0.26,5.1,0.051,16.0,119.0,0.99416,0.41,1
55,9.5,0.55,0.66,2.3,0.387,12.0,37.0,0.9982,0.67,0
56,9.7,0.24,0.45,1.2,0.033,11.0,59.0,0.9926,0.47,1
57,9.0,0.31,0.48,6.6,0.043,11.0,73.0,0.9938,0.38,1
58,6.4,0.28,0.29,1.6,0.052000000000000005,34.0,127.0,0.9929,0.56,1
59,9.0,0.2,0.33,3.5,0.049,10.0,40.0,0.9944,0.36,1
60,7.4,0.34,0.3,14.9,0.037000000000000005,70.0,169.0,0.99698,0.37,1
61,6.4,0.46,0.22,14.7,0.047,51.0,183.0,0.998275,0.6,1
62,5.8,0.335,0.14,5.8,0.046,49.0,197.0,0.9937,0.71,1
63,11.9,0.58,0.58,1.9,0.071,5.0,18.0,0.998,0.63,0
64,5.9,0.26,0.25,12.5,0.034,38.0,152.0,0.9977,0.43,1
65,8.3,0.26,0.31,2.0,0.028999999999999998,14.0,141.0,0.99077,0.77,1
66,7.4,0.55,0.19,1.8,0.08199999999999999,15.0,34.0,0.99655,0.68,0
67,6.4,0.31,0.4,6.4,0.039,39.0,191.0,0.99513,0.52,1
68,6.8,0.44,0.37,5.1,0.047,46.0,201.0,0.9938,0.65,1
69,6.7,0.28,0.34,8.9,0.048,32.0,111.0,0.99455,0.54,1
70,6.3,0.21,0.4,1.7,0.031,48.0,134.0,0.9917,0.49,1
71,7.9,0.37,0.23,1.8,0.077,23.0,49.0,0.9963,0.67,0
72,7.2,0.21,0.41,1.3,0.036000000000000004,33.0,85.0,0.992,0.51,1
73,5.4,0.31,0.47,3.0,0.053,46.0,144.0,0.9931,0.76,1
74,8.1,0.24,0.32,10.5,0.03,34.0,105.0,0.9940700000000001,0.42,1
75,6.4,0.44,0.26,2.0,0.054000000000000006,20.0,180.0,0.9952,0.57,1
76,7.5,0.2,0.47,16.9,0.052000000000000005,51.0,188.0,0.99944,0.62,1
77,6.5,0.31,0.14,7.5,0.044000000000000004,34.0,133.0,0.9955,0.5,1
78,9.6,0.68,0.24,2.2,0.087,5.0,28.0,0.9988,0.6,0
79,5.9,0.435,0.16,6.4,0.031,21.0,134.0,0.99151,0.46,1
80,8.2,0.26,0.33,2.6,0.053,11.0,71.0,0.9940200000000001,0.49,1
81,7.6,0.49,0.26,1.6,0.23600000000000002,10.0,88.0,0.9968,0.8,0
82,9.4,0.41,0.48,4.6,0.07200000000000001,10.0,20.0,0.9973,0.79,0
83,6.6,0.285,0.49,11.4,0.035,57.0,137.0,0.9973200000000001,0.54,1
84,6.9,0.63,0.02,1.9,0.078,18.0,30.0,0.9971200000000001,0.75,0
85,8.0,0.24,0.36,1.5,0.047,17.0,129.0,0.9948,0.54,1
86,6.3,0.26,0.49,1.5,0.052000000000000005,34.0,134.0,0.9924,0.61,1
87,9.1,0.27,0.45,10.6,0.035,28.0,124.0,0.997,0.46,1
88,6.5,0.32,0.23,1.2,0.054000000000000006,39.0,208.0,0.99272,0.46,1
89,8.3,0.33,0.42,2.3,0.07,9.0,20.0,0.99426,0.77,0
90,6.8,0.25,0.34,14.0,0.032,47.0,133.0,0.9952,0.5,1
91,6.1,0.21,0.38,1.5,0.039,37.0,122.0,0.98972,0.43,1
92,6.8,0.24,0.4,1.8,0.047,34.0,105.0,0.99,0.49,1
93,9.1,0.28,0.48,1.8,0.067,26.0,46.0,0.9967,1.04,0
94,7.4,0.27,0.48,1.1,0.047,17.0,132.0,0.9914,0.49,1
95,6.9,0.22,0.28,7.8,0.05,43.0,116.0,0.99326,0.6,1
96,7.5,0.58,0.14,2.2,0.077,27.0,60.0,0.9963,0.59,0
97,6.9,0.28,0.37,9.1,0.037000000000000005,16.0,76.0,0.9948,0.54,1
98,8.2,0.39,0.38,1.5,0.057999999999999996,10.0,29.0,0.9962,0.74,0
99,8.2,0.21,0.48,1.4,0.040999999999999995,11.0,99.0,0.9958,0.57,1
100,8.1,0.45,0.34,8.3,0.037000000000000005,33.0,216.0,0.9976,0.64,1
101,7.2,0.57,0.06,1.6,0.076,9.0,27.0,0.9972,0.7,0
102,6.3,0.2,0.37,11.8,0.045,58.0,130.0,0.99519,0.35,1
103,5.2,0.38,0.26,7.7,0.053,20.0,103.0,0.9925,0.45,1
104,8.3,0.43,0.3,3.4,0.079,7.0,34.0,0.9978799999999999,0.61,0
105,10.8,0.45,0.33,2.5,0.099,20.0,38.0,0.99818,0.71,0
106,6.5,0.32,0.48,8.0,0.026000000000000002,18.0,88.0,0.99144,0.79,1
107,8.2,0.3,0.44,12.4,0.043,52.0,154.0,0.9945200000000001,0.33,1
108,7.7,0.34,0.3,8.0,0.048,25.0,192.0,0.9951,0.47,1
109,5.0,0.61,0.12,1.3,0.009000000000000001,65.0,100.0,0.9874,0.37,1
110,6.7,0.35,0.32,9.0,0.032,29.0,113.0,0.9918799999999999,0.65,1
111,7.6,0.1,0.33,1.0,0.031,33.0,93.0,0.9909399999999999,0.68,1
112,6.3,0.34,0.28,14.7,0.047,49.0,198.0,0.9977,0.46,1
113,9.8,0.88,0.25,2.5,0.10400000000000001,35.0,155.0,1.001,0.67,0
114,6.7,0.23,0.33,8.1,0.048,45.0,176.0,0.99472,0.52,1
115,9.7,0.31,0.47,1.6,0.062,13.0,33.0,0.9983,0.66,0
116,5.9,0.18,0.28,5.1,0.039,50.0,139.0,0.99165,0.44,1
117,10.4,0.44,0.73,6.55,0.07400000000000001,38.0,76.0,0.9990000000000001,0.85,0
118,7.0,0.12,0.28,6.3,0.057,17.0,103.0,0.9957,0.44,1
119,6.4,0.3,0.27,5.0,0.057999999999999996,27.0,151.0,0.99198,0.49,1
120,6.1,0.22,0.23,3.1,0.052000000000000005,15.0,104.0,0.9948,0.42,1
121,6.7,0.3,0.49,4.8,0.034,36.0,158.0,0.9945,0.45,1
122,8.4,0.37,0.53,1.8,0.413,9.0,26.0,0.9979,1.06,0
123,9.4,0.3,0.32,10.7,0.028999999999999998,14.0,111.0,0.9958,0.42,1
124,6.7,0.24,0.33,12.3,0.046,31.0,145.0,0.9983,0.4,1
125,7.3,0.24,0.39,17.95,0.057,45.0,149.0,0.9999,0.36,1
126,6.7,0.4,0.22,8.8,0.052000000000000005,24.0,113.0,0.9957600000000001,0.45,1
127,7.4,0.635,0.1,2.4,0.08,16.0,33.0,0.99736,0.69,0
128,6.8,0.17,0.35,1.8,0.04,29.0,84.0,0.98961,0.57,1
129,6.3,0.27,0.25,5.8,0.038,52.0,155.0,0.995,0.38,1
130,9.3,0.49,0.36,1.7,0.081,3.0,14.0,0.99702,0.78,0
131,8.5,0.18,0.3,1.1,0.027999999999999997,34.0,95.0,0.99272,0.36,1
132,6.0,0.34,0.24,5.4,0.06,23.0,126.0,0.9951,0.44,1
133,6.9,0.49,0.19,1.7,0.079,13.0,26.0,0.9954700000000001,0.64,0
134,10.9,0.53,0.49,4.6,0.11800000000000001,10.0,17.0,1.0002,0.56,0
135,7.4,0.3,0.3,5.2,0.053,45.0,163.0,0.9941,0.45,1
136,7.7,0.39,0.12,1.7,0.09699999999999999,19.0,27.0,0.9959600000000001,0.49,0
137,9.2,0.92,0.24,2.6,0.087,12.0,93.0,0.9998,0.54,0
138,6.7,0.19,0.23,6.2,0.047,36.0,117.0,0.9945,0.43,1
139,7.2,0.21,0.36,15.7,0.045,68.0,183.0,0.9992200000000001,0.76,1
140,7.5,0.17,0.32,1.7,0.04,51.0,148.0,0.9916,0.44,1
141,7.8,0.4,0.26,9.5,0.059000000000000004,32.0,178.0,0.9955,0.43,1
142,6.4,0.3,0.45,3.5,0.19699999999999998,76.0,180.0,0.9942,0.39,1
143,5.2,0.24,0.15,7.1,0.043,32.0,134.0,0.9937799999999999,0.48,1
144,6.6,0.34,0.2,1.0,0.053,26.0,112.0,0.99336,0.55,1
145,5.9,0.34,0.22,2.4,0.03,19.0,135.0,0.9894,0.78,1
146,7.7,0.39,0.3,5.2,0.037000000000000005,29.0,131.0,0.9943,0.44,1
147,7.8,0.18,0.46,13.6,0.052000000000000005,38.0,118.0,0.998,0.5,1
148,12.0,0.28,0.49,1.9,0.07400000000000001,10.0,21.0,0.9976,0.66,0
149,5.7,0.18,0.22,4.2,0.042,25.0,111.0,0.9940000000000001,0.39,1
150,5.3,0.43,0.11,1.1,0.028999999999999998,6.0,51.0,0.9907600000000001,0.48,1
151,7.6,0.26,0.36,1.6,0.032,6.0,106.0,0.993,0.4,1
152,7.9,0.16,0.64,17.0,0.05,69.0,210.0,1.0004,0.51,1
153,6.0,0.64,0.05,1.9,0.066,9.0,17.0,0.9949600000000001,0.78,0
154,7.6,0.48,0.31,2.8,0.07,4.0,15.0,0.9969299999999999,0.55,0
155,7.3,0.25,0.36,13.1,0.05,35.0,200.0,0.9986,0.46,1
156,7.1,0.16,0.36,1.2,0.043,21.0,90.0,0.9925,0.42,1
157,8.8,0.41,0.64,2.2,0.09300000000000001,9.0,42.0,0.9986,0.66,0
158,4.8,0.29,0.23,1.1,0.044000000000000004,38.0,180.0,0.98924,0.34,1
159,7.6,0.39,0.32,3.6,0.035,22.0,93.0,0.99144,0.6,1
160,6.9,0.16,0.37,1.8,0.034,36.0,95.0,0.9895200000000001,0.59,1
161,5.8,0.28,0.3,1.5,0.026000000000000002,31.0,114.0,0.9895200000000001,0.6,1
162,6.7,0.15,0.29,5.0,0.057999999999999996,28.0,105.0,0.9946,0.44,1
163,6.5,0.34,0.28,1.8,0.040999999999999995,43.0,188.0,0.9928,0.37,1
164,7.6,0.39,0.31,2.3,0.08199999999999999,23.0,71.0,0.9982,0.65,0
165,4.7,0.785,0.0,3.4,0.036000000000000004,23.0,134.0,0.9898100000000001,0.92,1
166,6.0,0.19,0.29,1.2,0.046,29.0,92.0,0.9903299999999999,0.53,1
167,7.3,0.13,0.27,4.6,0.08,34.0,172.0,0.9938,0.39,1
168,8.0,0.42,0.36,5.0,0.037000000000000005,34.0,101.0,0.992,0.57,1
169,6.4,0.29,0.24,3.2,0.037000000000000005,31.0,95.0,0.9894200000000001,0.66,1
170,7.2,0.2,0.61,16.2,0.043,14.0,103.0,0.9987,0.36,1
171,6.8,0.33,0.28,1.2,0.032,38.0,131.0,0.9889,0.41,1
172,5.8,0.27,0.2,14.95,0.044000000000000004,22.0,179.0,0.9962,0.37,1
173,6.9,0.37,0.23,9.5,0.057,54.0,166.0,0.9956799999999999,0.42,1
174,6.4,0.57,0.14,3.9,0.07,27.0,73.0,0.99669,0.48,0
175,5.5,0.24,0.32,8.7,0.06,19.0,102.0,0.9940000000000001,0.31,1
176,6.2,0.21,0.28,5.7,0.027999999999999997,45.0,121.0,0.9916799999999999,1.08,1
177,6.4,0.27,0.49,7.3,0.046,53.0,206.0,0.9956,0.43,1
178,7.2,0.26,0.44,7.1,0.027000000000000003,25.0,126.0,0.993,0.34,1
179,8.0,0.43,0.4,12.4,0.168,29.0,190.0,0.9991,0.64,1
180,5.6,0.225,0.24,9.8,0.054000000000000006,59.0,140.0,0.99545,0.39,1
181,5.2,0.32,0.25,1.8,0.10300000000000001,13.0,50.0,0.9957,0.55,0
182,7.2,0.19,0.39,1.2,0.036000000000000004,32.0,85.0,0.9918,0.5,1
183,7.0,0.64,0.02,2.1,0.067,9.0,23.0,0.997,0.67,0
184,7.1,0.23,0.39,1.6,0.032,12.0,65.0,0.9898,0.4,1
185,7.2,0.28,0.54,16.7,0.045,54.0,200.0,0.9990000000000001,0.49,1
186,6.4,0.2,0.22,7.4,0.032,53.0,172.0,0.9940399999999999,0.58,1
187,6.4,0.28,0.45,8.6,0.057,47.0,223.0,0.99654,0.51,1
188,8.4,0.19,0.43,2.1,0.052000000000000005,20.0,104.0,0.9940000000000001,0.46,1
189,8.3,0.14,0.45,1.5,0.039,18.0,98.0,0.99215,0.56,1
190,7.1,0.18,0.74,15.6,0.044000000000000004,44.0,176.0,0.9996,0.67,1
191,8.1,0.26,0.3,7.8,0.049,39.0,152.0,0.9954,0.58,1
192,7.3,0.21,0.21,1.6,0.046,35.0,133.0,0.99466,0.46,1
193,5.9,0.32,0.19,14.5,0.042,37.0,115.0,0.99684,0.43,1
194,6.2,0.2,0.29,11.8,0.035,21.0,93.0,0.99364,0.34,1
195,9.4,0.3,0.56,2.8,0.08,6.0,17.0,0.9964,0.92,0
196,5.8,0.28,0.34,2.2,0.037000000000000005,24.0,125.0,0.9898600000000001,0.33,1
197,6.9,0.765,0.18,2.4,0.243,5.5,48.0,0.9961200000000001,0.6,0
198,7.7,0.43,0.25,2.6,0.073,29.0,63.0,0.99615,0.58,0
199,6.5,0.24,0.32,7.6,0.038,48.0,203.0,0.9958,0.54,1
200,6.6,0.58,0.3,5.1,0.057,30.0,123.0,0.9949,0.38,1
201,11.1,0.39,0.54,2.7,0.095,21.0,101.0,1.0001,0.51,0
202,8.5,0.19,0.49,3.5,0.044000000000000004,29.0,117.0,0.9938,0.51,1
203,8.1,0.43,0.42,6.6,0.033,36.0,141.0,0.9918,0.39,1
204,7.4,0.24,0.42,14.0,0.066,48.0,198.0,0.9979,0.42,1
205,7.5,0.17,0.71,11.8,0.038,52.0,148.0,0.9980100000000001,0.46,1
206,8.9,0.24,0.33,15.75,0.035,16.0,132.0,0.996,0.37,1
207,7.9,0.14,0.28,1.8,0.040999999999999995,44.0,178.0,0.9954,0.43,1
208,7.7,0.18,0.35,5.8,0.055,25.0,144.0,0.9957600000000001,0.54,1
209,6.7,0.12,0.3,5.2,0.048,38.0,113.0,0.9935200000000001,0.44,1
210,7.2,0.29,0.18,8.2,0.042,41.0,180.0,0.99644,0.49,1
211,5.0,0.31,0.0,6.4,0.046,43.0,166.0,0.9940000000000001,0.63,1
212,7.7,0.41,0.76,1.8,0.611,8.0,45.0,0.9968,1.26,0
213,6.2,0.32,0.5,6.5,0.048,61.0,186.0,0.9948,0.45,1
214,8.5,0.655,0.49,6.1,0.122,34.0,151.0,1.001,1.14,0
215,5.9,0.21,0.24,12.1,0.044000000000000004,53.0,165.0,0.9969,0.39,1
216,8.8,0.44,0.49,2.8,0.083,18.0,111.0,0.9982,0.6,0
217,6.7,0.26,0.29,7.1,0.036000000000000004,28.0,100.0,0.99534,0.36,1
218,9.0,0.36,0.52,2.1,0.111,5.0,10.0,0.9956799999999999,0.62,0
219,6.9,0.45,0.11,2.4,0.043,6.0,12.0,0.99354,0.65,0
220,6.1,0.23,0.45,10.6,0.094,49.0,169.0,0.9969899999999999,0.54,1
221,8.8,0.64,0.17,2.9,0.084,25.0,130.0,0.99818,0.54,0
222,7.6,0.95,0.03,2.0,0.09,7.0,20.0,0.9959,0.56,0
223,7.3,0.51,0.18,2.1,0.07,12.0,28.0,0.9976799999999999,0.73,0
224,5.0,0.38,0.01,1.6,0.048,26.0,60.0,0.9908399999999999,0.75,0
225,6.3,0.28,0.34,8.1,0.038,44.0,129.0,0.9924799999999999,0.29,1
226,6.8,0.26,0.56,11.9,0.043,64.0,226.0,0.997,0.63,1
227,7.1,0.18,0.36,1.4,0.043,31.0,87.0,0.9898,0.37,1
228,7.1,0.17,0.4,14.55,0.047,47.0,156.0,0.99945,0.78,1
229,6.4,0.27,0.17,8.4,0.044000000000000004,60.0,198.0,0.9957799999999999,0.47,1
230,8.3,0.23,0.43,3.2,0.035,14.0,101.0,0.9928,0.36,1
231,7.8,0.58,0.02,2.0,0.073,9.0,18.0,0.9968,0.57,0
232,6.3,0.37,0.37,1.5,0.024,12.0,76.0,0.9887600000000001,0.39,1
233,6.9,0.26,0.29,4.2,0.043,33.0,114.0,0.9902,0.31,1
234,8.2,0.44,0.24,2.3,0.063,10.0,28.0,0.99613,0.53,0
235,6.7,0.34,0.3,15.6,0.054000000000000006,51.0,196.0,0.9982,0.49,1
236,7.6,0.17,0.36,4.5,0.042,26.0,102.0,0.9942700000000001,0.47,1
237,7.3,0.49,0.1,2.6,0.068,4.0,14.0,0.9956200000000001,0.47,0
238,6.8,0.18,0.28,8.7,0.047,52.0,242.0,0.9952,0.53,1
239,5.6,0.35,0.37,1.0,0.038,6.0,72.0,0.9902,0.34,1
240,8.1,0.24,0.26,11.0,0.043,41.0,211.0,0.9967600000000001,0.49,1
241,9.3,0.37,0.44,1.6,0.038,21.0,42.0,0.99526,0.81,0
242,8.0,0.725,0.24,2.8,0.083,10.0,62.0,0.99685,0.56,0
243,6.2,0.26,0.19,3.4,0.049,47.0,172.0,0.9924,0.43,1
244,8.3,0.19,0.49,1.2,0.051,11.0,137.0,0.9918,0.46,1
245,7.6,0.29,0.42,1.3,0.035,18.0,86.0,0.9908,0.39,1
246,6.4,0.18,0.32,9.6,0.052000000000000005,24.0,90.0,0.9963,0.49,1
247,6.5,0.16,0.34,1.4,0.028999999999999998,29.0,133.0,0.99108,0.64,1
248,5.2,0.3,0.34,1.5,0.038,18.0,96.0,0.9894200000000001,0.48,1
249,5.4,0.74,0.0,1.2,0.040999999999999995,16.0,46.0,0.9925799999999999,0.59,0
250,5.1,0.51,0.18,2.1,0.042,16.0,101.0,0.9924,0.87,0
251,6.1,0.16,0.34,6.1,0.034,31.0,114.0,0.99365,0.58,1
252,6.4,0.37,0.12,5.9,0.055999999999999994,6.0,91.0,0.99536,0.46,1
253,7.8,0.18,0.46,12.6,0.042,41.0,143.0,1.0,0.76,1
254,5.9,0.44,0.36,2.5,0.03,12.0,73.0,0.9920100000000001,0.48,1
255,5.0,0.24,0.19,5.0,0.043,17.0,101.0,0.9943799999999999,0.57,1
256,6.0,0.67,0.07,1.2,0.06,9.0,108.0,0.9931,0.35,1
257,5.8,0.23,0.2,2.0,0.043,39.0,154.0,0.99226,0.39,1
258,7.6,0.5,0.29,2.3,0.086,5.0,14.0,0.9950200000000001,0.62,0
259,6.7,0.21,0.37,2.5,0.034,35.0,89.0,0.9913,0.5,1
260,7.6,0.27,0.24,3.8,0.057999999999999996,19.0,115.0,0.9958,0.45,1
261,8.4,0.35,0.56,13.8,0.048,55.0,190.0,0.9993,0.58,1
262,5.8,0.27,0.26,3.5,0.071,26.0,69.0,0.9899399999999999,0.38,1
263,6.3,0.37,0.51,6.3,0.048,35.0,146.0,0.9943,1.01,1
264,8.3,0.28,0.27,17.5,0.045,48.0,253.0,1.00014,0.56,1
265,6.4,0.125,0.36,1.4,0.044000000000000004,22.0,68.0,0.9901399999999999,0.5,1
266,7.1,0.72,0.0,1.8,0.12300000000000001,6.0,14.0,0.9962700000000001,0.58,0
267,6.7,0.19,0.41,15.6,0.055999999999999994,75.0,155.0,0.9995,0.44,1
268,6.6,0.2,0.38,7.9,0.052000000000000005,30.0,145.0,0.9947,0.56,1
269,7.3,0.29,0.37,8.3,0.044000000000000004,45.0,227.0,0.9966,0.47,1
270,8.0,0.2,0.44,1.0,0.057,24.0,111.0,0.9915799999999999,0.32,1
271,6.9,0.35,0.74,1.0,0.044000000000000004,18.0,132.0,0.992,0.55,1
272,5.6,0.26,0.18,1.4,0.034,18.0,135.0,0.99174,0.35,1
273,7.0,0.29,0.26,1.6,0.044000000000000004,12.0,87.0,0.9923,0.46,1
274,7.2,0.19,0.46,3.8,0.040999999999999995,82.0,187.0,0.9932,0.6,1
275,9.1,0.795,0.0,2.6,0.096,11.0,26.0,0.9994,0.83,0
276,6.9,0.84,0.21,4.1,0.07400000000000001,16.0,65.0,0.9984200000000001,0.72,0
277,7.1,0.64,0.49,1.8,0.05,17.0,128.0,0.9946,0.58,1
278,6.4,0.38,0.26,8.2,0.043,28.0,98.0,0.99234,0.31,1
279,5.4,0.59,0.07,7.0,0.045,36.0,147.0,0.9944,0.57,1
280,6.1,0.28,0.27,4.7,0.03,56.0,140.0,0.9904200000000001,0.42,1
281,8.0,0.57,0.39,3.9,0.034,22.0,122.0,0.9917,0.67,1
282,7.0,0.21,0.28,8.7,0.045,37.0,222.0,0.9954,0.54,1
283,8.3,0.17,0.31,1.5,0.049,48.0,153.0,0.9942,0.58,1
284,6.6,0.295,0.24,1.6,0.039,29.0,140.0,0.9930399999999999,0.61,1
285,6.8,0.23,0.4,1.6,0.047,5.0,133.0,0.993,0.7,1
286,7.2,0.655,0.03,1.8,0.078,7.0,12.0,0.99587,0.39,0
287,5.2,0.48,0.04,1.6,0.054000000000000006,19.0,106.0,0.9927,0.62,0
288,6.3,0.16,0.22,1.3,0.046,18.0,66.0,0.9930700000000001,0.55,1
289,7.4,0.29,0.48,12.8,0.037000000000000005,61.5,182.0,0.99808,0.34,1
290,5.9,0.23,0.24,1.6,0.037000000000000005,32.0,115.0,0.9907600000000001,0.51,1
291,7.0,0.2,0.4,1.1,0.057999999999999996,30.0,93.0,0.9932200000000001,0.38,1
292,6.6,0.24,0.22,12.3,0.051,35.0,146.0,0.9967600000000001,0.67,1
293,9.3,0.38,0.48,3.8,0.132,3.0,11.0,0.99577,0.57,0
294,5.7,0.26,0.24,17.8,0.059000000000000004,23.0,124.0,0.9977299999999999,0.5,1
295,6.1,0.24,0.32,9.0,0.031,41.0,134.0,0.99234,0.26,1
296,6.6,0.19,0.43,10.9,0.045,53.0,154.0,0.9975200000000001,0.77,1
297,7.1,0.33,0.25,1.6,0.03,25.0,126.0,0.9901,0.34,1
298,6.9,0.4,0.42,6.2,0.066,41.0,176.0,0.9955200000000001,0.54,1
299,7.0,0.655,0.16,2.1,0.07400000000000001,8.0,25.0,0.9960600000000001,0.55,0
300,6.8,0.3,0.24,6.6,0.12300000000000001,35.0,116.0,0.9953,0.48,1
301,11.4,0.46,0.5,2.7,0.122,4.0,17.0,1.0006,0.7,0
302,7.1,0.31,0.17,1.0,0.042,21.0,144.0,0.9930399999999999,0.4,1
303,6.3,0.51,0.13,2.3,0.076,29.0,40.0,0.99574,0.75,0
304,7.2,0.31,0.41,8.6,0.053,15.0,89.0,0.9976,0.64,1
305,6.8,0.23,0.32,1.6,0.026000000000000002,43.0,147.0,0.9904,0.54,1
306,7.7,0.18,0.3,1.2,0.046,49.0,199.0,0.99413,0.38,1
307,6.1,0.48,0.09,1.7,0.078,18.0,30.0,0.9940200000000001,0.54,0
308,6.7,0.855,0.02,1.9,0.064,29.0,38.0,0.99472,0.56,0
309,6.1,0.22,0.49,1.5,0.051,18.0,87.0,0.9928,0.46,1
310,8.0,0.59,0.71,17.35,0.038,61.0,228.0,1.0,0.75,1
311,5.1,0.35,0.26,6.8,0.034,36.0,120.0,0.9918799999999999,0.4,1
312,4.7,0.455,0.18,1.9,0.036000000000000004,33.0,106.0,0.98746,0.83,1
313,5.4,0.42,0.27,2.0,0.092,23.0,55.0,0.99471,0.64,0
314,9.8,0.98,0.32,2.3,0.078,35.0,152.0,0.998,0.48,0
315,7.4,0.18,0.29,1.4,0.042,34.0,101.0,0.99384,0.6,1
316,6.1,0.705,0.1,2.8,0.081,13.0,28.0,0.99631,0.66,0
317,6.1,0.32,0.25,1.8,0.086,5.0,32.0,0.99464,0.44,0
318,7.4,0.39,0.23,7.0,0.033,29.0,126.0,0.9940000000000001,0.42,1
319,5.3,0.3,0.16,4.2,0.028999999999999998,37.0,100.0,0.9905,0.36,1
320,6.2,0.33,0.14,4.8,0.052000000000000005,27.0,128.0,0.99475,0.48,1
321,9.0,0.17,0.49,1.0,0.039,46.0,131.0,0.993,0.51,1
322,8.0,0.71,0.0,2.6,0.08,11.0,34.0,0.9976,0.53,0
323,7.8,0.18,0.31,12.2,0.053,46.0,140.0,0.998,0.53,1
324,7.8,0.3,0.37,1.3,0.051,16.0,96.0,0.9941,0.62,1
325,6.8,0.26,0.26,2.0,0.019,23.5,72.0,0.99041,0.47,1
326,9.0,0.44,0.49,2.4,0.078,26.0,121.0,0.9978,0.58,0
327,6.6,0.39,0.38,9.7,0.053,49.0,226.0,0.99787,0.57,1
328,6.4,0.24,0.28,11.5,0.05,34.0,163.0,0.9969,0.45,1
329,9.9,0.35,0.55,2.1,0.062,5.0,14.0,0.9971,0.79,0
330,9.2,0.41,0.5,2.5,0.055,12.0,25.0,0.9952,0.79,0
331,7.8,0.15,0.24,7.7,0.047,21.0,98.0,0.9951,0.31,1
332,6.2,0.35,0.29,7.3,0.044000000000000004,56.0,244.0,0.9956,0.55,1
333,7.2,0.34,0.3,8.4,0.051,40.0,167.0,0.99756,0.62,1
334,6.8,0.32,0.23,3.3,0.026000000000000002,31.0,99.0,0.9896,0.4,1
335,10.4,0.28,0.54,2.7,0.105,5.0,19.0,0.9988,0.63,0
336,5.6,0.19,0.39,1.1,0.043,17.0,67.0,0.9918,0.53,1
337,10.0,0.69,0.11,1.4,0.084,8.0,24.0,0.9957799999999999,0.47,0
338,6.9,0.25,0.27,9.05,0.039,37.0,128.0,0.9936,0.34,1
339,6.7,0.27,0.12,1.3,0.040999999999999995,62.0,138.0,0.9921,0.42,1
340,5.9,0.415,0.02,0.8,0.038,22.0,63.0,0.9932,0.36,1
341,6.1,0.4,0.31,0.9,0.048,23.0,170.0,0.993,0.77,1
342,7.8,0.22,0.38,10.3,0.059000000000000004,28.0,99.0,0.9967,0.47,1
343,5.0,0.33,0.23,11.8,0.03,23.0,158.0,0.9932200000000001,0.64,1
344,8.8,0.23,0.35,10.7,0.04,26.0,183.0,0.9984,0.49,1
345,6.3,0.305,0.22,16.0,0.061,26.0,141.0,0.99824,0.5,1
346,5.3,0.2,0.31,3.6,0.036000000000000004,22.0,91.0,0.9927799999999999,0.5,1
347,6.6,0.64,0.31,6.1,0.083,7.0,49.0,0.99718,0.68,0
348,5.4,0.3,0.3,1.2,0.028999999999999998,25.0,93.0,0.9874200000000001,0.4,1
349,5.8,0.3,0.33,3.5,0.033,25.0,116.0,0.9905700000000001,0.44,1
350,6.7,0.26,0.26,4.1,0.073,36.0,202.0,0.9956,0.67,1
351,7.2,0.62,0.06,2.5,0.078,17.0,84.0,0.99746,0.53,0
352,6.5,0.46,0.31,5.0,0.027000000000000003,15.0,72.0,0.99165,0.6,1
353,5.5,0.14,0.27,4.6,0.028999999999999998,22.0,104.0,0.9949,0.44,1
354,7.7,0.69,0.05,2.7,0.075,15.0,27.0,0.9974,0.61,0
355,6.1,0.24,0.27,9.8,0.062,33.0,152.0,0.9966,0.47,1
356,8.6,0.53,0.22,2.0,0.1,7.0,27.0,0.9967,0.56,0
357,5.9,0.2,0.28,12.8,0.038,29.0,132.0,0.99426,0.57,1
358,6.0,0.2,0.24,5.3,0.075,49.0,201.0,0.99466,0.43,1
359,6.5,0.25,0.45,7.8,0.048,52.0,188.0,0.9957600000000001,0.53,1
360,7.8,0.32,0.33,10.4,0.031,47.0,194.0,0.99692,0.58,1
361,7.7,0.27,0.61,12.0,0.046,64.0,179.0,0.9982,0.46,1
362,8.6,0.315,0.4,2.2,0.079,3.0,6.0,0.9951200000000001,0.67,0
363,9.0,0.3,0.49,7.2,0.039,32.0,84.0,0.9938,0.32,1
364,11.4,0.36,0.69,2.1,0.09,6.0,21.0,1.0,0.62,0
365,7.2,0.26,0.26,12.7,0.036000000000000004,49.0,214.0,0.9986,0.5,1
366,5.4,0.595,0.1,2.8,0.042,26.0,80.0,0.9932,0.38,1
367,10.4,0.34,0.58,3.7,0.174,6.0,16.0,0.997,0.7,0
368,8.5,0.3,0.28,3.1,0.054000000000000006,54.0,174.0,0.9954299999999999,0.43,1
369,5.9,0.19,0.21,1.7,0.045,57.0,135.0,0.99341,0.44,1
370,5.9,0.36,0.41,1.3,0.047,45.0,104.0,0.9917,0.51,1
371,5.7,1.13,0.09,1.5,0.172,7.0,19.0,0.9940000000000001,0.48,0
372,5.8,0.13,0.22,12.7,0.057999999999999996,24.0,183.0,0.9956,0.42,1
373,7.9,0.5,0.33,2.0,0.084,15.0,143.0,0.9968,0.55,0
374,6.9,0.21,0.24,1.8,0.021,17.0,80.0,0.98992,0.46,1
375,8.7,0.625,0.16,2.0,0.10099999999999999,13.0,49.0,0.9962,0.57,0
376,10.2,0.645,0.36,1.8,0.053,5.0,14.0,0.9982,0.42,0
377,7.0,0.54,0.0,2.1,0.079,39.0,55.0,0.9956,0.84,0
378,8.5,0.23,0.34,1.3,0.035,54.0,110.0,0.9917600000000001,0.55,1
379,6.0,0.1,0.24,1.1,0.040999999999999995,15.0,65.0,0.9927,0.61,1
380,8.8,0.7,0.0,1.7,0.069,8.0,19.0,0.9970100000000001,0.53,0
381,6.3,0.16,0.4,1.6,0.033,59.0,148.0,0.9914,0.53,1
382,6.7,0.22,0.39,1.2,0.049,26.0,152.0,0.99346,0.47,1
383,6.5,0.23,0.25,17.3,0.046,15.0,110.0,0.99828,0.42,1
384,7.0,0.32,0.35,1.5,0.039,24.0,125.0,0.9918,0.64,1
385,7.5,0.19,0.49,1.8,0.055,19.0,110.0,0.9946,0.44,1
386,8.2,0.4,0.44,2.8,0.08900000000000001,11.0,43.0,0.9975,0.61,0
387,15.6,0.685,0.76,3.7,0.1,6.0,43.0,1.0032,0.68,0
388,5.8,0.21,0.32,1.6,0.045,38.0,95.0,0.98946,0.94,1
389,4.8,0.26,0.23,10.6,0.034,23.0,111.0,0.99274,0.28,1
390,6.6,0.44,0.09,2.2,0.063,9.0,18.0,0.99444,0.69,0
391,7.9,0.17,0.32,1.6,0.053,47.0,150.0,0.9948,0.76,1
392,7.6,0.38,0.2,3.4,0.046,9.0,116.0,0.9944,0.41,1
393,5.0,0.2,0.4,1.9,0.015,20.0,98.0,0.9897,0.55,1
394,7.9,0.28,0.41,4.9,0.057999999999999996,31.0,153.0,0.9966,0.51,1
395,5.8,0.2,0.16,1.4,0.042,44.0,99.0,0.9891200000000001,0.37,1
396,6.0,0.39,0.13,1.2,0.042,60.0,172.0,0.9911399999999999,0.52,1
397,7.8,0.26,0.44,1.3,0.037000000000000005,43.0,132.0,0.9944,0.65,1
398,6.1,0.41,0.0,1.6,0.063,36.0,87.0,0.9914,0.67,1
399,6.1,0.17,0.21,1.9,0.09,44.0,130.0,0.99255,0.41,1
400,6.4,0.15,0.25,7.8,0.05,13.0,68.0,0.9939399999999999,0.4,1
401,8.2,0.24,0.34,5.1,0.062,8.0,22.0,0.9974,0.94,0
402,7.9,0.18,0.36,5.9,0.057999999999999996,31.0,132.0,0.995,0.52,1
403,7.3,0.14,0.49,1.1,0.038,28.0,99.0,0.9928,0.72,1
404,7.0,0.735,0.05,2.0,0.081,13.0,54.0,0.9966,0.57,0
405,6.8,0.27,0.22,17.8,0.034,16.0,116.0,0.9989,0.53,1
406,7.6,0.28,0.17,1.6,0.046,28.0,117.0,0.9928799999999999,0.43,1
407,7.0,0.17,0.31,4.8,0.034,34.0,132.0,0.9944,0.48,1
408,7.9,0.3,0.68,8.3,0.05,37.5,289.0,0.99316,0.51,0
409,7.9,0.49,0.32,1.9,0.08199999999999999,17.0,144.0,0.9968,0.55,0
410,7.0,0.49,0.49,5.6,0.06,26.0,121.0,0.9974,0.76,0
411,6.7,0.28,0.42,3.5,0.035,43.0,105.0,0.99021,0.38,1
412,6.2,0.28,0.27,10.3,0.03,26.0,108.0,0.9938799999999999,0.36,1
413,8.1,0.5,0.47,1.1,0.037000000000000005,23.0,126.0,0.9938,0.42,1
414,9.5,0.56,0.33,2.4,0.08900000000000001,35.0,67.0,0.9972,0.73,0
415,9.4,0.16,0.3,1.4,0.042,26.0,176.0,0.9954,0.46,1
416,7.0,0.26,0.59,1.4,0.037000000000000005,40.0,120.0,0.9918,0.41,1
417,7.1,0.36,0.3,1.6,0.08,35.0,70.0,0.9969299999999999,0.5,0
418,6.5,0.36,0.31,13.55,0.053,20.0,113.0,0.99544,0.56,1
419,7.1,0.36,0.28,2.4,0.036000000000000004,35.0,115.0,0.98936,0.44,1
420,6.4,0.45,0.07,1.1,0.03,10.0,131.0,0.9905,0.28,1
421,5.9,0.15,0.31,5.8,0.040999999999999995,53.0,155.0,0.9945,0.46,1
422,6.2,0.44,0.18,7.7,0.096,28.0,210.0,0.99771,0.72,1
423,6.8,0.5,0.11,1.5,0.075,16.0,49.0,0.99545,0.79,0
424,5.9,0.24,0.28,1.3,0.032,36.0,95.0,0.9888899999999999,0.64,1
425,7.5,0.4,1.0,19.5,0.040999999999999995,33.0,148.0,0.9977,0.38,1
426,9.0,0.55,0.3,8.1,0.026000000000000002,14.0,71.0,0.993,0.36,1
427,8.9,0.5,0.21,2.2,0.08800000000000001,21.0,39.0,0.99692,0.83,0
428,8.1,0.27,0.33,1.3,0.045,26.0,100.0,0.99066,0.44,1
429,7.1,0.25,0.25,1.6,0.046,50.0,181.0,0.9925,0.42,1
430,7.6,0.41,0.33,2.5,0.078,6.0,23.0,0.9957,0.58,0
431,7.0,0.35,0.3,6.5,0.027999999999999997,27.0,87.0,0.9936,0.42,1
432,6.3,0.25,0.44,11.6,0.040999999999999995,48.0,195.0,0.9968,0.52,1
433,8.0,0.32,0.26,1.2,0.05,11.5,88.0,0.9946,0.37,1
434,7.7,0.43,0.37,10.0,0.16899999999999998,22.0,210.0,0.9977600000000001,0.64,1
435,5.7,0.24,0.3,1.3,0.03,25.0,98.0,0.9896799999999999,0.43,1
436,6.5,0.3,0.28,11.45,0.040999999999999995,29.0,109.0,0.99418,0.3,1
437,6.5,0.13,0.37,1.0,0.036000000000000004,48.0,114.0,0.9911,0.51,1
438,7.1,0.36,0.4,1.95,0.033,26.0,118.0,0.98934,0.45,1
439,7.0,0.15,0.28,14.7,0.051,29.0,149.0,0.99792,0.39,1
440,5.8,0.2,0.34,1.0,0.035,40.0,86.0,0.98993,0.42,1
441,10.2,0.49,0.63,2.9,0.07200000000000001,10.0,26.0,0.9968,0.78,0
442,7.5,0.42,0.2,1.4,0.06,15.0,168.0,0.9944,0.4,1
443,6.9,0.13,0.28,13.3,0.05,47.0,132.0,0.99655,0.42,1
444,6.1,0.34,0.25,1.8,0.084,4.0,28.0,0.99464,0.44,0
445,5.2,0.6,0.07,7.0,0.044000000000000004,33.0,147.0,0.9944,0.58,1
446,6.0,0.17,0.29,5.0,0.027999999999999997,25.0,108.0,0.9907600000000001,0.34,1
447,7.7,0.58,0.01,1.8,0.08800000000000001,12.0,18.0,0.9956799999999999,0.56,0
448,6.0,0.42,0.19,2.0,0.075,22.0,47.0,0.9952200000000001,0.78,0
449,7.2,0.26,0.24,7.0,0.023,19.0,130.0,0.9917600000000001,0.49,1
450,8.2,0.26,0.34,2.5,0.073,16.0,47.0,0.9959399999999999,0.78,0
451,6.2,0.29,0.23,12.4,0.048,33.0,201.0,0.9961200000000001,0.56,1
452,7.0,0.33,0.28,5.7,0.033,39.0,204.0,0.9917600000000001,0.64,1
453,7.3,0.29,0.3,13.0,0.043,46.0,238.0,0.9986,0.41,1
454,6.7,0.2,0.37,1.65,0.025,42.0,103.0,0.9902200000000001,0.45,1
455,5.9,0.27,0.29,11.4,0.036000000000000004,31.0,115.0,0.9949,0.48,1
456,7.5,0.685,0.07,2.5,0.057999999999999996,5.0,9.0,0.9963200000000001,0.55,0
457,6.1,0.32,0.25,1.7,0.034,37.0,136.0,0.992,0.5,1
458,5.7,0.245,0.33,1.1,0.049,28.0,150.0,0.9927,0.42,1
459,7.4,0.2,0.29,1.7,0.047,16.0,100.0,0.9924299999999999,0.45,1
460,9.1,0.59,0.38,1.6,0.066,34.0,182.0,0.9968,0.38,1
461,7.2,0.21,0.31,10.5,0.035,36.0,122.0,0.9947799999999999,0.4,1
462,5.2,0.36,0.02,1.6,0.031,24.0,104.0,0.9896,0.35,1
463,6.8,0.24,0.49,19.3,0.057,55.0,247.0,1.00055,0.56,1
464,8.0,0.42,0.32,2.5,0.08,26.0,122.0,0.9980100000000001,1.07,0
465,5.7,0.45,0.42,1.1,0.051,61.0,197.0,0.9932,0.4,1
466,6.6,0.17,0.26,7.4,0.052000000000000005,45.0,128.0,0.9938799999999999,0.37,1
467,6.6,0.23,0.32,1.5,0.040999999999999995,8.0,72.0,0.98949,0.39,1
468,7.6,0.22,0.34,9.7,0.035,26.0,143.0,0.9965,0.49,1
469,6.3,0.2,0.3,5.9,0.034,35.0,152.0,0.9964200000000001,0.4,1
470,5.2,0.22,0.46,6.2,0.066,41.0,187.0,0.9936200000000001,0.42,1
471,7.6,0.9,0.06,2.5,0.079,5.0,10.0,0.9967,0.56,0
472,5.9,0.37,0.1,1.6,0.057,39.0,128.0,0.9924,0.48,1
473,5.7,0.135,0.3,4.6,0.042,19.0,101.0,0.9946,0.42,1
474,7.6,0.36,0.48,13.5,0.038,44.0,116.0,0.9982,0.48,1
475,5.6,0.49,0.13,4.5,0.039,17.0,116.0,0.9907,0.9,1
476,7.0,0.15,0.38,15.3,0.045,54.0,120.0,0.9975,0.42,1
477,7.7,0.835,0.0,2.6,0.081,6.0,14.0,0.9975,0.52,0
478,7.1,0.61,0.02,2.5,0.081,17.0,87.0,0.99745,0.6,0
479,6.0,0.51,0.0,2.1,0.064,40.0,54.0,0.995,0.93,0
480,6.6,0.22,0.37,1.2,0.059000000000000004,45.0,199.0,0.993,0.55,1
481,6.9,0.19,0.38,1.15,0.023,30.0,105.0,0.9904700000000001,0.38,1
482,7.3,0.34,0.39,5.2,0.04,45.0,163.0,0.9925,0.47,1
483,8.8,0.27,0.25,5.0,0.024,52.0,99.0,0.9925,0.49,1
484,6.0,0.24,0.41,1.3,0.036000000000000004,42.0,118.0,0.99018,0.64,1
485,7.2,0.25,0.19,8.0,0.044000000000000004,51.0,172.0,0.9964,0.44,1
486,7.4,0.36,0.23,1.9,0.017,31.0,69.0,0.9892,0.36,1
487,7.4,0.2,0.28,9.1,0.047,29.0,95.0,0.9953200000000001,0.47,1
488,6.1,0.15,0.4,1.2,0.03,19.0,84.0,0.98926,0.96,1
489,8.8,0.4,0.4,2.2,0.079,19.0,52.0,0.998,0.64,0
490,6.7,0.24,0.36,8.4,0.042,42.0,123.0,0.9947299999999999,0.52,1
491,6.1,0.6,0.0,1.3,0.042,24.0,79.0,0.9937,0.38,1
492,8.9,0.27,0.34,10.7,0.028999999999999998,19.5,166.0,0.99669,0.48,1
493,7.5,0.305,0.4,18.9,0.059000000000000004,44.0,170.0,1.0,0.46,1
494,6.9,0.15,0.28,4.4,0.028999999999999998,14.0,107.0,0.9934700000000001,0.46,1
495,8.4,0.65,0.6,2.1,0.11199999999999999,12.0,90.0,0.9973,0.52,0
496,7.9,0.35,0.21,1.9,0.073,46.0,102.0,0.9964,0.58,0
497,8.3,0.54,0.28,1.9,0.077,11.0,40.0,0.9978,0.61,0
498,7.7,0.27,0.49,3.8,0.037000000000000005,46.0,139.0,0.99116,0.38,1
499,7.2,0.24,0.24,1.7,0.045,18.0,161.0,0.9919600000000001,0.53,1
500,5.4,0.265,0.28,7.8,0.052000000000000005,27.0,91.0,0.9943200000000001,0.38,1
501,6.9,0.29,0.25,12.2,0.04,29.0,136.0,0.9955200000000001,0.65,1
502,7.1,0.18,0.49,1.3,0.033,12.0,72.0,0.99072,0.53,1
503,6.2,0.37,0.24,6.1,0.032,19.0,86.0,0.98934,0.26,1
504,7.7,0.28,0.35,15.3,0.055999999999999994,31.0,117.0,0.9998,0.5,1
505,8.0,0.22,0.31,5.6,0.049,24.0,97.0,0.993,0.42,1
506,6.4,0.4,0.23,1.6,0.066,5.0,12.0,0.9958,0.56,0
507,7.3,0.55,0.03,1.6,0.07200000000000001,17.0,42.0,0.9956,0.48,0
508,7.9,0.19,0.45,1.5,0.045,17.0,96.0,0.9917,0.39,1
509,5.8,0.2,0.3,1.5,0.031,21.0,57.0,0.99115,0.55,1
510,6.5,0.17,0.31,1.5,0.040999999999999995,34.0,121.0,0.99092,0.46,1
511,7.1,0.39,0.35,12.5,0.044000000000000004,26.0,72.0,0.9941,0.29,1
512,7.1,0.13,0.29,15.5,0.064,56.0,115.5,0.9973700000000001,0.41,1
513,6.8,0.25,0.28,5.0,0.035,42.0,126.0,0.9904799999999999,0.38,1
514,9.7,0.53,0.6,2.0,0.039,5.0,19.0,0.99585,0.86,0
515,6.4,0.38,0.14,2.2,0.038,15.0,25.0,0.9951399999999999,0.65,0
516,6.6,0.31,0.07,1.5,0.033,55.0,144.0,0.99208,0.42,1
517,6.3,0.34,0.31,6.0,0.02,18.0,68.0,0.9898100000000001,0.29,1
518,6.0,0.38,0.26,6.0,0.034,42.0,134.0,0.9912,0.38,1
519,7.1,0.26,0.34,14.4,0.067,35.0,189.0,0.9986,0.53,1
520,5.8,0.19,0.24,1.3,0.044000000000000004,38.0,128.0,0.9936200000000001,0.6,1
521,5.2,0.155,0.33,1.6,0.027999999999999997,13.0,59.0,0.98975,0.84,1
522,8.0,0.16,0.36,1.5,0.033,14.0,122.0,0.9941,0.39,1
523,8.0,0.55,0.42,12.6,0.21100000000000002,37.0,213.0,0.9988,0.56,1
524,6.9,0.2,0.28,1.2,0.048,36.0,159.0,0.9936,0.43,1
525,8.2,0.38,0.49,13.6,0.042,58.0,166.0,0.99855,0.54,1
526,7.2,0.38,0.31,2.0,0.055999999999999994,15.0,29.0,0.99472,0.76,0
527,6.6,0.38,0.36,9.2,0.061,42.0,214.0,0.9976,0.56,1
528,10.7,0.4,0.48,2.1,0.125,15.0,49.0,0.998,0.81,0
529,6.4,0.37,0.25,1.9,0.07400000000000001,21.0,49.0,0.9974,0.62,0
530,8.2,0.27,0.43,1.6,0.035,31.0,128.0,0.9916,0.5,1
531,6.8,0.25,0.18,1.4,0.055999999999999994,13.0,137.0,0.9935,0.42,1
532,6.4,0.42,0.46,8.4,0.05,58.0,180.0,0.99495,0.46,1
533,7.1,0.18,0.26,1.3,0.040999999999999995,20.0,71.0,0.9926,0.74,1
534,7.4,0.23,0.25,1.4,0.049,43.0,141.0,0.9934,0.54,1
535,5.9,0.36,0.04,5.7,0.046,21.0,87.0,0.9934,0.51,1
536,7.0,0.46,0.2,16.7,0.046,50.0,184.0,0.99898,0.56,1
537,6.9,0.46,0.2,0.9,0.054000000000000006,5.0,126.0,0.992,0.42,1
538,7.4,0.36,0.34,1.8,0.075,18.0,38.0,0.9933,0.88,0
539,15.5,0.645,0.49,4.2,0.095,10.0,23.0,1.00315,0.74,0
540,12.3,0.5,0.49,2.2,0.08900000000000001,5.0,14.0,1.0002,0.44,0
541,6.4,0.17,0.3,2.8,0.034,33.0,125.0,0.9915200000000001,0.49,1
542,6.5,0.29,0.52,1.7,0.034,41.0,193.0,0.99223,0.59,1
543,7.2,0.62,0.01,2.3,0.065,8.0,46.0,0.9933200000000001,0.51,0
544,6.6,0.18,0.28,1.7,0.040999999999999995,53.0,161.0,0.9920700000000001,0.45,1
545,6.1,0.3,0.56,2.7,0.046,46.0,184.0,0.9924,0.57,1
546,9.8,0.25,0.49,2.7,0.08800000000000001,15.0,33.0,0.9982,0.9,0
547,8.1,0.2,0.28,0.9,0.023,49.0,87.0,0.9906200000000001,0.36,1
548,8.2,0.915,0.27,2.1,0.08800000000000001,7.0,23.0,0.9962,0.47,0
549,7.0,0.53,0.02,1.0,0.036000000000000004,39.0,107.0,0.993,0.32,1
550,8.8,0.685,0.26,1.6,0.08800000000000001,16.0,23.0,0.9969399999999999,0.47,0
551,9.4,0.27,0.53,2.4,0.07400000000000001,6.0,18.0,0.9962,1.13,0
552,5.7,0.22,0.28,1.3,0.027000000000000003,26.0,101.0,0.9894799999999999,0.38,1
553,6.8,0.23,0.48,1.5,0.036000000000000004,35.0,165.0,0.9916200000000001,0.45,1
554,6.8,0.915,0.29,4.8,0.07,15.0,39.0,0.99577,0.54,0
555,6.6,0.41,0.24,4.9,0.158,47.0,144.0,0.99471,0.49,1
556,7.1,0.59,0.01,2.5,0.077,20.0,85.0,0.99746,0.59,0
557,5.9,0.19,0.21,1.7,0.045,57.0,135.0,0.99341,0.44,0
558,6.0,0.27,0.15,1.5,0.055999999999999994,35.0,128.0,0.9936,0.45,1
559,7.2,0.32,0.33,1.4,0.028999999999999998,29.0,109.0,0.9902,0.51,1
560,12.2,0.34,0.5,2.4,0.066,10.0,21.0,1.0,1.18,0
561,6.5,0.22,0.19,1.1,0.064,36.0,191.0,0.99297,0.5,1
562,6.5,0.18,0.41,14.2,0.039,47.0,129.0,0.9967799999999999,0.72,1
563,7.1,0.365,0.14,1.2,0.055,24.0,84.0,0.9941,0.43,1
564,6.7,0.18,0.25,14.3,0.048,79.0,149.0,0.9975,0.37,1
565,7.6,0.48,0.28,10.4,0.049,57.0,205.0,0.9974799999999999,0.45,1
566,7.7,0.39,0.34,10.0,0.055999999999999994,35.0,178.0,0.9974,0.6,1
567,6.9,0.22,0.43,6.4,0.042,34.0,115.0,0.99293,0.51,1
568,6.8,0.46,0.26,6.3,0.147,49.0,159.0,0.99434,0.47,1
569,5.1,0.47,0.02,1.3,0.034,18.0,44.0,0.9921,0.62,0
570,6.8,0.26,0.44,8.2,0.046,52.0,183.0,0.99584,0.51,1
571,6.0,0.17,0.3,7.3,0.039,39.0,104.0,0.9925200000000001,0.57,1
572,7.4,0.22,0.26,8.8,0.027000000000000003,23.0,112.0,0.9931,0.41,1
573,5.6,0.12,0.26,4.3,0.038,18.0,97.0,0.99477,0.46,1
574,7.4,0.3,0.22,5.25,0.053,33.0,180.0,0.9926,0.45,1
575,7.6,0.3,0.37,1.6,0.087,27.0,177.0,0.9943799999999999,0.5,1
576,6.8,0.22,0.35,17.5,0.039,38.0,153.0,0.9994,0.42,1
577,5.9,0.55,0.1,2.2,0.062,39.0,51.0,0.9951200000000001,0.76,0
578,6.9,0.33,0.31,4.2,0.04,21.0,93.0,0.9896,0.48,1
579,6.6,0.24,0.38,8.0,0.042,56.0,187.0,0.99577,0.46,1
580,7.3,0.34,0.3,1.3,0.057,25.0,173.0,0.9948,0.51,1
581,7.2,0.25,0.37,2.5,0.063,11.0,41.0,0.99439,0.8,0
582,6.0,0.22,0.23,5.0,0.045,10.0,122.0,0.99261,0.63,1
583,6.9,0.24,0.23,7.1,0.040999999999999995,20.0,97.0,0.99246,0.85,1
584,5.0,1.02,0.04,1.4,0.045,41.0,85.0,0.9938,0.48,0
585,5.8,0.36,0.32,1.7,0.033,22.0,96.0,0.9898,0.38,1
586,6.2,0.28,0.33,1.7,0.028999999999999998,24.0,111.0,0.99,0.5,1
587,12.0,0.37,0.76,4.2,0.066,7.0,38.0,1.0004,0.6,0
588,6.9,0.25,0.29,2.4,0.038,28.0,76.0,0.9908799999999999,0.36,1
589,8.2,0.42,0.49,2.6,0.084,32.0,55.0,0.9988,0.75,0
590,7.2,0.32,0.47,5.1,0.044000000000000004,19.0,65.0,0.991,0.41,1
591,7.5,0.31,0.51,14.8,0.039,62.0,204.0,0.9982,0.6,1
592,9.9,0.74,0.19,5.8,0.111,33.0,76.0,0.9987799999999999,0.55,0
593,6.9,0.25,0.4,1.3,0.038,22.0,101.0,0.9901,0.39,1
594,6.3,0.48,0.04,1.1,0.046,30.0,99.0,0.9928,0.36,1
595,7.2,0.27,0.46,18.75,0.052000000000000005,45.0,255.0,1.0,0.52,1
596,12.8,0.615,0.66,5.8,0.083,7.0,42.0,1.0022,0.73,0
597,7.2,0.34,0.2,5.8,0.062,52.0,203.0,0.99461,0.44,1
598,5.7,0.4,0.35,5.1,0.026000000000000002,17.0,113.0,0.9905200000000001,0.67,1
599,7.6,0.23,0.29,8.6,0.053,65.0,146.0,0.9963,0.32,1
600,6.2,0.16,0.54,1.4,0.126,37.0,110.0,0.9932,0.37,1
601,7.0,0.3,0.28,2.2,0.042,21.0,177.0,0.99166,0.57,1
602,6.6,0.42,0.33,2.8,0.034,15.0,85.0,0.99,0.51,1
603,5.4,0.53,0.16,2.7,0.036000000000000004,34.0,128.0,0.98856,0.53,1
604,6.3,0.29,0.28,4.7,0.059000000000000004,28.0,81.0,0.99036,0.56,1
605,7.3,0.22,0.5,13.7,0.049,56.0,189.0,0.9994,0.66,1
606,8.9,0.13,0.49,1.0,0.027999999999999997,6.0,24.0,0.9926,0.32,1
607,7.3,0.33,0.22,1.4,0.040999999999999995,40.0,177.0,0.99287,0.48,1
608,6.3,0.39,0.22,2.8,0.048,53.0,173.0,0.9930399999999999,0.45,1
609,7.3,0.585,0.18,2.4,0.078,15.0,60.0,0.9963799999999999,0.54,0
610,5.7,0.25,0.26,12.5,0.049,52.5,106.0,0.9969100000000001,0.45,1
611,7.8,0.34,0.27,1.2,0.04,25.0,106.0,0.9932,0.55,1
612,7.4,0.36,0.33,1.4,0.025,27.0,55.0,0.9915,0.33,1
613,7.3,0.49,0.32,5.2,0.043,18.0,104.0,0.9952,0.45,1
614,9.7,0.32,0.54,2.5,0.094,28.0,83.0,0.9984,0.82,0
615,6.3,0.34,0.19,5.8,0.040999999999999995,22.0,145.0,0.9943,0.63,1
616,7.6,0.31,0.27,5.8,0.036000000000000004,23.0,109.0,0.9939899999999999,0.54,1
617,7.1,0.28,0.31,1.5,0.053,20.0,98.0,0.99069,0.5,1
618,6.0,0.27,0.28,4.8,0.063,31.0,201.0,0.9964,0.71,1
619,7.1,0.59,0.0,2.1,0.091,9.0,14.0,0.9948799999999999,0.55,0
620,10.0,0.35,0.47,2.0,0.061,6.0,11.0,0.99585,0.52,0
621,8.9,0.22,0.48,1.8,0.077,29.0,60.0,0.9968,0.53,0
622,6.4,0.21,0.44,7.4,0.045,47.0,182.0,0.9957,0.46,1
623,10.6,1.02,0.43,2.9,0.076,26.0,88.0,0.9984,0.57,0
624,6.2,0.29,0.32,3.6,0.026000000000000002,39.0,138.0,0.9892,0.37,1
625,5.2,0.28,0.29,1.1,0.027999999999999997,18.0,69.0,0.9916799999999999,0.54,1
626,6.7,0.21,0.34,1.5,0.035,45.0,123.0,0.98949,0.36,1
627,10.6,0.42,0.48,2.7,0.065,5.0,18.0,0.9972,0.87,0
628,6.7,0.7,0.08,3.75,0.067,8.0,16.0,0.99334,0.52,0
629,8.8,0.27,0.46,2.1,0.095,20.0,29.0,0.9948799999999999,0.56,0
630,7.2,0.61,0.08,4.0,0.08199999999999999,26.0,108.0,0.99641,0.51,0
631,5.9,0.26,0.4,1.3,0.047,12.0,139.0,0.9945,0.53,1
632,5.8,0.3,0.38,4.9,0.039,22.0,86.0,0.9896299999999999,0.58,1
633,6.7,0.25,0.31,1.35,0.061,30.5,218.0,0.9938799999999999,0.53,1
634,7.6,0.19,0.42,1.5,0.044000000000000004,6.0,114.0,0.9914,0.74,1
635,6.8,0.47,0.08,2.2,0.064,18.0,38.0,0.9955299999999999,0.65,0
636,6.6,0.28,0.36,1.7,0.038,22.0,101.0,0.9912,0.57,1
637,6.8,0.22,0.3,10.6,0.07,67.0,194.0,0.99654,0.42,1
638,6.3,0.26,0.29,2.2,0.043,35.0,175.0,0.9918,0.43,1
639,6.2,0.41,0.22,1.9,0.023,5.0,56.0,0.9892799999999999,0.79,1
640,10.0,0.42,0.5,3.4,0.107,7.0,21.0,0.9979,0.93,0
641,7.8,0.59,0.33,2.0,0.07400000000000001,24.0,120.0,0.9968,0.54,0
642,9.1,0.6,0.0,1.9,0.057999999999999996,5.0,10.0,0.9977,0.63,0
643,7.5,0.32,0.26,1.8,0.042,13.0,133.0,0.9938,0.38,1
644,12.3,0.39,0.63,2.3,0.091,6.0,18.0,1.0004,0.49,0
645,6.0,0.32,0.3,7.3,0.174,46.0,159.0,0.99519,0.49,1
646,9.2,0.71,0.23,6.2,0.042,15.0,93.0,0.9948,0.34,1
647,7.1,0.29,0.34,7.8,0.036000000000000004,49.0,128.0,0.99397,0.4,1
648,6.1,0.22,0.46,1.8,0.16,34.0,74.0,0.9884,0.33,1
649,6.9,0.26,0.31,7.0,0.039,37.0,175.0,0.9937600000000001,0.49,1
650,7.1,0.38,0.42,11.8,0.040999999999999995,32.0,193.0,0.99624,0.49,1
651,6.5,0.26,0.32,16.5,0.045,44.0,166.0,1.0,0.46,1
652,6.8,0.21,0.37,7.0,0.038,27.0,107.0,0.99206,0.82,1
653,6.7,0.58,0.08,1.8,0.09699999999999999,15.0,65.0,0.9959,0.54,0
654,6.5,0.61,0.0,2.2,0.095,48.0,59.0,0.99541,0.7,0
655,6.9,0.36,0.28,13.55,0.048,51.0,189.0,0.99782,0.6,1
656,11.1,0.42,0.47,2.65,0.085,9.0,34.0,0.99736,0.77,0
657,6.6,0.29,0.73,2.2,0.027000000000000003,21.0,92.0,0.99,0.48,1
658,6.0,0.29,0.25,1.4,0.033,30.0,114.0,0.9879399999999999,0.43,1
659,5.4,0.205,0.16,12.55,0.051,31.0,115.0,0.99564,0.38,1
660,7.0,0.36,0.14,11.6,0.043,35.0,228.0,0.9977,0.51,1
661,10.4,0.24,0.46,1.8,0.075,6.0,21.0,0.9976,1.02,0
662,5.7,0.15,0.28,3.7,0.045,57.0,151.0,0.9913,0.27,1
663,5.2,0.21,0.31,1.7,0.048,17.0,61.0,0.9895299999999999,0.37,1
664,6.4,0.36,0.53,2.2,0.23,19.0,35.0,0.9934,0.93,0
665,6.7,0.31,0.42,6.4,0.057,25.0,148.0,0.9955,0.45,1
666,7.8,0.445,0.56,1.0,0.04,8.0,84.0,0.9938,0.43,1
667,5.7,0.44,0.13,7.0,0.025,28.0,173.0,0.9913,0.48,1
668,7.2,0.5,0.0,0.8,0.034,46.0,114.0,0.9932,0.34,1
669,8.2,0.68,0.3,2.1,0.047,17.0,138.0,0.995,0.71,1
670,7.1,0.28,0.26,2.8,0.039,50.0,118.0,0.9908,0.59,1
671,7.4,1.185,0.0,4.25,0.09699999999999999,5.0,14.0,0.9966,0.54,0
672,7.0,0.36,0.21,2.4,0.086,24.0,69.0,0.99556,0.53,0
673,8.3,0.31,0.39,2.4,0.078,17.0,43.0,0.99444,0.77,0
674,6.9,0.38,0.38,13.1,0.11199999999999999,14.0,94.0,0.99792,0.48,1
675,7.5,0.17,0.44,11.3,0.046,65.0,146.0,0.997,0.45,1
676,6.4,0.22,0.32,7.2,0.027999999999999997,15.0,83.0,0.993,0.55,1
677,6.4,0.225,0.48,2.2,0.115,29.0,104.0,0.9918,0.58,1
678,7.0,0.22,0.31,2.7,0.03,41.0,136.0,0.9898,0.37,1
679,6.3,0.24,0.22,11.9,0.05,65.0,179.0,0.99659,0.58,1
680,7.4,0.22,0.26,1.2,0.035,18.0,97.0,0.99245,0.41,1
681,7.5,0.22,0.32,2.4,0.045,29.0,100.0,0.99135,0.6,1
682,6.3,0.26,0.24,7.2,0.039,38.0,172.0,0.9958,0.64,1
683,5.6,0.695,0.06,6.8,0.042,9.0,84.0,0.9943200000000001,0.44,1
684,7.5,0.33,0.28,4.9,0.042,21.0,155.0,0.99385,0.57,1
685,7.1,0.23,0.35,16.5,0.04,60.0,171.0,0.9990000000000001,0.59,1
686,10.2,0.54,0.37,15.4,0.214,55.0,95.0,1.00369,0.77,0
687,6.7,0.16,0.36,2.0,0.045,24.0,131.0,0.99284,0.59,1
688,5.6,0.26,0.0,10.2,0.038,13.0,111.0,0.99315,0.46,1
689,8.3,0.14,0.34,1.1,0.042,7.0,47.0,0.9934,0.4,1
690,8.7,0.23,0.32,13.4,0.044000000000000004,35.0,169.0,0.99975,0.47,1
691,7.3,0.34,0.21,3.2,0.05,14.0,136.0,0.9936,0.44,1
692,6.8,0.18,0.38,1.4,0.038,35.0,111.0,0.9918,0.59,1
693,6.1,0.2,0.17,1.6,0.048,46.0,129.0,0.991,0.43,1
694,6.7,0.66,0.0,13.0,0.033,32.0,75.0,0.99551,0.5,1
695,10.1,0.28,0.46,1.8,0.05,5.0,13.0,0.9974,0.79,0
696,5.7,0.32,0.18,1.4,0.028999999999999998,26.0,104.0,0.9906,0.37,1
697,7.3,0.51,0.29,11.3,0.034,61.0,224.0,0.9968299999999999,0.56,1
698,7.3,0.34,0.22,1.4,0.044000000000000004,43.0,176.0,0.9928600000000001,0.46,1
699,6.7,0.18,0.31,10.6,0.035,42.0,143.0,0.99572,0.49,1
700,6.6,0.2,0.32,1.1,0.039,25.0,78.0,0.9926,0.54,1
701,8.0,0.18,0.37,0.9,0.049,36.0,109.0,0.9900700000000001,0.44,0
702,6.9,0.33,0.62,7.5,0.038,46.0,132.0,0.9914299999999999,0.43,1
703,7.5,1.115,0.1,3.1,0.086,5.0,12.0,0.9958,0.6,0
704,6.2,0.47,0.19,8.3,0.028999999999999998,24.0,142.0,0.992,0.45,1
705,6.9,0.19,0.35,6.9,0.045,51.0,125.0,0.9933,0.44,1
706,5.8,0.3,0.27,1.7,0.013999999999999999,45.0,104.0,0.9891399999999999,0.56,1
707,8.3,0.6,0.25,2.2,0.11800000000000001,9.0,38.0,0.99616,0.53,0
708,7.6,0.32,0.35,1.6,0.092,24.0,138.0,0.9943799999999999,0.44,1
709,6.9,0.19,0.31,19.25,0.043,38.0,167.0,0.99954,0.52,1
710,5.4,0.255,0.33,1.2,0.051,29.0,122.0,0.9904799999999999,0.66,1
711,6.6,0.41,0.31,1.6,0.042,18.0,101.0,0.99195,0.41,1
712,6.7,0.24,0.3,10.2,0.07,44.0,179.0,0.99666,0.46,1
713,6.8,0.22,0.31,1.4,0.053,34.0,114.0,0.9929,0.77,1
714,8.5,0.34,0.4,4.7,0.055,3.0,9.0,0.9973799999999999,0.66,0
715,6.6,0.23,0.2,11.4,0.044000000000000004,45.0,131.0,0.9960399999999999,0.51,1
716,6.4,0.33,0.44,8.9,0.055,52.0,164.0,0.9948799999999999,0.48,1
717,7.7,0.54,0.26,1.9,0.08900000000000001,23.0,147.0,0.99636,0.59,0
718,6.1,0.15,0.35,15.8,0.042,55.0,158.0,0.9964200000000001,0.37,1
719,7.3,0.36,0.54,13.3,0.054000000000000006,63.0,193.0,0.99864,0.49,1
720,7.1,0.21,0.37,2.4,0.026000000000000002,23.0,100.0,0.9903,0.38,1
721,11.9,0.38,0.51,2.0,0.121,7.0,20.0,0.9996,0.76,0
722,7.1,0.27,0.31,18.2,0.046,55.0,252.0,1.0,0.56,1
723,8.5,0.23,0.4,9.9,0.036000000000000004,24.0,88.0,0.9951,0.42,1
724,6.3,0.21,0.58,10.0,0.081,34.0,126.0,0.9962,0.46,1
725,7.1,0.85,0.49,8.7,0.027999999999999997,40.0,184.0,0.9962,0.36,1
726,8.7,0.31,0.73,14.35,0.044000000000000004,27.0,191.0,1.00013,0.88,1
727,6.7,0.27,0.33,3.6,0.034,9.0,45.0,0.99144,0.4,1
728,7.5,0.14,0.74,1.6,0.035,21.0,126.0,0.9933,0.45,1
729,6.2,0.345,0.27,10.1,0.055999999999999994,38.0,187.0,0.9948600000000001,0.56,1
730,6.2,0.34,0.25,12.1,0.059000000000000004,33.0,171.0,0.99769,0.56,1
731,6.1,0.68,0.52,1.4,0.037000000000000005,32.0,123.0,0.9902200000000001,0.45,1
732,7.2,0.24,0.3,1.2,0.037000000000000005,11.0,95.0,0.9891399999999999,0.36,1
733,7.6,0.28,0.39,1.2,0.038,21.0,115.0,0.9940000000000001,0.67,1
734,6.9,0.28,0.4,8.2,0.036000000000000004,15.0,95.0,0.9944,0.33,1
735,6.4,0.31,0.26,13.2,0.046,57.0,205.0,0.9975,0.41,1
736,8.4,0.6,0.1,2.2,0.085,14.0,111.0,0.9964,0.66,0
737,8.4,0.17,0.31,6.7,0.038,29.0,132.0,0.9945,0.32,1
738,6.4,0.36,0.21,2.2,0.047,26.0,48.0,0.99661,0.77,0
739,5.2,0.2,0.27,3.2,0.047,16.0,93.0,0.99235,0.53,1
740,6.8,0.37,0.47,11.2,0.071,44.0,136.0,0.9968,0.88,1
741,5.7,0.14,0.3,5.4,0.045,26.0,105.0,0.99469,0.45,1
742,10.2,0.4,0.4,2.5,0.068,41.0,54.0,0.99754,0.86,0
743,6.9,0.31,0.32,1.2,0.024,20.0,166.0,0.99208,0.54,1
744,9.1,0.37,0.32,2.1,0.064,4.0,15.0,0.9957600000000001,0.8,0
745,7.2,0.25,0.32,1.5,0.054000000000000006,24.0,105.0,0.99154,0.48,1
746,8.9,0.38,0.4,2.2,0.068,12.0,28.0,0.9948600000000001,0.75,0
747,10.2,0.44,0.88,6.2,0.049,20.0,124.0,0.9968,0.51,1
748,12.6,0.38,0.66,2.6,0.08800000000000001,10.0,41.0,1.001,0.68,0
749,6.3,0.6,0.1,1.6,0.048,12.0,26.0,0.99306,0.51,0
750,9.6,0.21,0.28,1.2,0.038,12.0,53.0,0.9926,0.46,1
751,6.4,0.26,0.49,6.4,0.037000000000000005,37.0,161.0,0.9954,0.53,1
752,7.2,0.51,0.24,10.0,0.09300000000000001,35.0,197.0,0.9981,0.47,1
753,7.7,0.64,0.21,2.2,0.077,32.0,133.0,0.9956,0.45,0
754,7.9,0.53,0.24,2.0,0.07200000000000001,15.0,105.0,0.996,0.54,0
755,6.1,0.31,0.37,8.4,0.031,70.0,170.0,0.9934,0.4,1
756,5.3,0.21,0.29,0.7,0.027999999999999997,11.0,66.0,0.99215,0.4,1
757,6.0,0.28,0.34,1.6,0.11900000000000001,33.0,104.0,0.9921,0.38,1
758,7.8,0.15,0.34,1.1,0.035,31.0,93.0,0.9909600000000001,0.72,1
759,6.7,0.23,0.17,1.3,0.061,14.0,100.0,0.9925,0.55,1
760,6.6,0.32,0.26,4.6,0.031,26.0,120.0,0.99198,0.73,1
761,6.2,0.21,0.24,1.2,0.051,31.0,95.0,0.99036,0.57,1
762,6.4,0.28,0.41,6.8,0.045,61.0,216.0,0.9952,0.46,1
763,7.0,0.23,0.42,1.1,0.062,35.0,100.0,0.99318,0.4,1
764,6.7,0.31,0.18,7.7,0.043,57.0,200.0,0.99566,0.44,1
765,6.9,0.24,0.33,4.8,0.04,16.0,131.0,0.9936,0.64,1
766,6.8,0.15,0.32,8.8,0.057999999999999996,24.0,110.0,0.9972,0.4,1
767,6.9,0.22,0.39,6.0,0.035,44.0,141.0,0.9912299999999999,0.33,1
768,8.7,0.15,0.3,1.6,0.046,29.0,130.0,0.9942,0.38,1
769,7.6,0.31,0.29,10.5,0.04,21.0,145.0,0.9966,0.35,1
770,6.0,0.41,0.05,1.5,0.063,17.0,120.0,0.9932,0.56,1
771,7.2,0.21,0.37,1.6,0.049,23.0,94.0,0.9924,0.48,1
772,6.4,0.25,0.28,4.9,0.03,29.0,98.0,0.99024,0.58,1
773,7.1,0.12,0.3,3.1,0.018000000000000002,15.0,37.0,0.9900399999999999,0.52,1
774,6.9,0.17,0.3,2.0,0.047,13.0,117.0,0.9915200000000001,0.51,1
775,9.0,0.53,0.49,1.9,0.171,6.0,25.0,0.9975,0.61,0
776,11.3,0.34,0.45,2.0,0.08199999999999999,6.0,15.0,0.9988,0.66,0
777,6.45,0.14,0.42,1.2,0.05,51.0,129.0,0.99116,0.69,1
778,6.8,0.21,0.26,11.7,0.038,61.0,152.0,0.99523,0.56,1
779,6.4,0.25,0.32,11.3,0.038,69.0,192.0,0.9957299999999999,0.5,1
780,6.9,0.4,0.3,10.6,0.033,24.0,87.0,0.99265,0.45,1
781,6.9,0.115,0.35,5.4,0.048,36.0,108.0,0.9939,0.42,1
782,6.8,0.28,0.43,7.6,0.03,30.0,110.0,0.99164,0.59,1
783,6.8,0.17,0.34,2.0,0.04,38.0,111.0,0.99,0.45,1
784,5.9,0.37,0.14,6.3,0.036000000000000004,34.0,185.0,0.9944,0.63,1
785,6.7,0.24,0.41,2.9,0.039,48.0,122.0,0.9905200000000001,0.43,1
786,6.8,0.785,0.0,2.4,0.10400000000000001,14.0,30.0,0.9966,0.55,0
787,7.2,0.19,0.31,1.6,0.062,31.0,173.0,0.9917,0.44,1
788,8.3,0.53,0.0,1.4,0.07,6.0,14.0,0.99593,0.64,0
789,6.1,0.41,0.14,10.4,0.037000000000000005,18.0,119.0,0.996,0.45,1
790,6.2,0.28,0.57,1.0,0.043,50.0,92.0,0.9900399999999999,0.36,1
791,6.8,0.29,0.5,13.3,0.053,48.0,194.0,0.9974,0.45,1
792,8.8,0.955,0.05,1.8,0.075,5.0,19.0,0.99616,0.44,0
793,7.5,0.18,0.72,9.6,0.039,53.0,151.0,0.99802,0.46,1
794,7.3,0.25,0.39,6.4,0.034,8.0,84.0,0.9942,0.46,1
795,6.9,0.36,0.35,8.6,0.038,37.0,125.0,0.9916,0.32,1
796,8.0,0.55,0.17,8.2,0.04,13.0,60.0,0.9956,0.3,1
797,6.0,0.25,0.28,2.2,0.026000000000000002,54.0,126.0,0.9898,0.65,1
798,7.2,0.35,0.25,5.6,0.032,23.0,120.0,0.99334,0.66,1
799,4.9,0.42,0.0,2.1,0.048,16.0,42.0,0.99154,0.74,0
800,10.0,0.43,0.33,2.7,0.095,28.0,89.0,0.9984,0.68,0
801,6.4,0.22,0.56,14.5,0.055,27.0,159.0,0.998,0.4,1
802,8.0,0.22,0.32,10.4,0.043,63.0,201.0,0.997,0.53,1
803,6.8,0.2,0.59,0.9,0.147,38.0,132.0,0.993,0.38,1
804,8.1,0.27,0.35,1.7,0.03,38.0,103.0,0.99255,0.63,1
805,9.3,0.775,0.27,2.8,0.078,24.0,56.0,0.9984,0.67,0
806,9.7,0.55,0.17,2.9,0.087,20.0,53.0,1.0004,0.61,0
807,7.0,0.53,0.43,6.1,0.028999999999999998,6.0,76.0,0.99118,0.5,1
808,8.2,0.2,0.38,3.5,0.053,41.0,174.0,0.99306,0.41,1
809,5.4,0.18,0.24,4.8,0.040999999999999995,30.0,113.0,0.99445,0.4,1
810,6.1,0.38,0.14,3.9,0.06,27.0,113.0,0.99344,0.34,1
811,6.7,0.26,0.3,1.8,0.043,25.0,121.0,0.9944,0.61,1
812,7.1,0.84,0.02,4.4,0.096,5.0,13.0,0.997,0.57,0
813,6.2,0.27,0.43,7.8,0.055999999999999994,48.0,244.0,0.9956,0.51,1
814,7.2,0.24,0.3,1.6,0.048,27.0,131.0,0.9933,0.45,1
815,6.7,0.325,0.82,1.2,0.152,49.0,120.0,0.9931200000000001,0.38,1
816,6.7,0.41,0.34,9.2,0.049,29.0,150.0,0.9968,0.51,1
817,6.4,0.15,0.36,1.8,0.034,43.0,150.0,0.9922,0.69,1
818,6.5,0.28,0.29,2.7,0.038,26.0,107.0,0.9912,0.41,1
819,8.5,0.21,0.41,4.3,0.036000000000000004,24.0,99.0,0.9947,0.53,1
820,7.0,0.48,0.12,4.5,0.05,23.0,86.0,0.99398,0.35,1
821,6.5,0.37,0.3,2.2,0.033,39.0,107.0,0.9889399999999999,0.53,1
822,7.3,0.28,0.37,1.2,0.039,26.0,99.0,0.99198,0.62,1
823,7.7,0.32,0.61,11.8,0.040999999999999995,66.0,188.0,0.9979399999999999,0.54,1
824,7.1,0.32,0.29,4.0,0.038,33.0,170.0,0.9946299999999999,0.64,1
825,7.3,0.67,0.26,1.8,0.401,16.0,51.0,0.9969,1.14,0
826,8.4,0.27,0.3,2.2,0.037000000000000005,36.0,129.0,0.99085,0.3,1
827,6.8,0.25,0.38,8.1,0.046,24.0,155.0,0.9956,0.59,1
828,7.4,0.49,0.24,15.1,0.03,34.0,153.0,0.9953,0.51,1
829,7.2,0.28,0.26,12.5,0.046,48.0,179.0,0.9975,0.52,1
830,7.1,0.16,0.25,1.3,0.034,28.0,123.0,0.9915,0.55,1
831,6.8,0.32,0.37,3.4,0.023,19.0,87.0,0.9902,0.53,1
832,6.1,0.35,0.24,2.3,0.034,25.0,133.0,0.9906,0.59,1
833,6.4,0.15,0.4,1.3,0.053,61.0,146.0,0.9911200000000001,0.68,1
834,6.2,0.25,0.54,7.0,0.046,58.0,176.0,0.99454,0.7,1
835,12.6,0.41,0.54,2.8,0.10300000000000001,19.0,41.0,0.99939,0.76,0
836,6.9,0.55,0.15,2.2,0.076,19.0,40.0,0.9961,0.59,0
837,6.8,0.3,0.35,2.8,0.038,10.0,164.0,0.9912,0.53,1
838,6.5,0.25,0.27,15.2,0.049,75.0,217.0,0.9972,0.39,1
839,6.3,0.19,0.32,2.8,0.046,18.0,80.0,0.9904299999999999,0.47,1
840,7.6,0.62,0.32,2.2,0.08199999999999999,7.0,54.0,0.9966,0.52,0
841,6.2,0.35,0.29,3.9,0.040999999999999995,22.0,79.0,0.99005,0.59,1
842,6.4,0.26,0.3,2.2,0.025,33.0,134.0,0.992,0.47,1
843,6.5,0.51,0.15,3.0,0.064,12.0,27.0,0.9929,0.59,0
844,7.1,0.21,0.32,2.2,0.037000000000000005,28.0,141.0,0.993,0.57,1
845,8.2,0.28,0.42,1.8,0.031,30.0,93.0,0.9917,0.39,1
846,6.4,0.26,0.42,9.7,0.044000000000000004,30.0,140.0,0.9962,0.47,1
847,5.8,0.26,0.24,9.2,0.044000000000000004,55.0,152.0,0.9961,0.38,1
848,5.6,0.41,0.24,1.9,0.034,10.0,53.0,0.98815,0.5,1
849,9.1,0.22,0.24,2.1,0.078,1.0,28.0,0.9990000000000001,0.87,0
850,6.9,0.3,0.33,4.1,0.035,26.0,155.0,0.9925,0.79,1
851,5.6,0.35,0.14,5.0,0.046,48.0,198.0,0.9937,0.71,1
852,8.9,0.62,0.18,3.8,0.17600000000000002,52.0,145.0,0.9986,0.88,0
853,6.1,0.21,0.4,1.4,0.066,40.5,165.0,0.9912,0.59,0
854,7.6,0.2,0.26,4.8,0.033,26.0,76.0,0.9907600000000001,0.49,1
855,6.4,0.42,0.74,12.8,0.076,48.0,209.0,0.9978,0.58,1
856,6.4,0.4,0.25,4.2,0.032,15.0,91.0,0.98988,0.52,1
857,6.0,0.35,0.51,1.2,0.028999999999999998,10.0,102.0,0.9903,0.42,1
858,6.9,0.22,0.37,15.0,0.053,59.0,178.0,0.9992,0.82,1
859,5.9,0.23,0.24,3.8,0.038,61.0,152.0,0.99139,0.5,1
860,10.4,0.61,0.49,2.1,0.2,5.0,16.0,0.9994,0.63,0
861,7.0,0.28,0.32,7.75,0.032,30.0,114.0,0.9915799999999999,0.64,1
862,7.8,0.57,0.09,2.3,0.065,34.0,45.0,0.9941700000000001,0.74,0
863,6.5,0.26,0.32,6.65,0.059000000000000004,34.0,104.0,0.99254,0.42,1
864,6.3,0.39,0.08,1.7,0.066,3.0,20.0,0.9954,0.58,0
865,7.3,0.26,0.36,5.2,0.04,31.0,141.0,0.9931,0.59,1
866,6.9,0.24,0.37,6.1,0.027000000000000003,38.0,112.0,0.9908600000000001,0.34,1
867,6.8,0.27,0.49,1.2,0.044000000000000004,35.0,126.0,0.99,0.48,1
868,7.5,0.28,0.39,10.2,0.045,59.0,209.0,0.9972,0.63,1
869,6.9,0.44,0.27,5.0,0.038,33.0,166.0,0.99124,0.42,1
870,6.6,0.26,0.31,4.8,0.138,41.0,168.0,0.9951,0.38,1
871,6.5,0.36,0.49,2.9,0.03,16.0,94.0,0.9902,0.49,1
872,6.9,0.21,0.33,1.4,0.055999999999999994,35.0,136.0,0.9938,0.78,1
873,7.8,0.5,0.3,1.9,0.075,8.0,22.0,0.9959,0.56,0
874,6.2,0.2,0.31,1.0,0.031,22.0,73.0,0.99035,0.52,1
875,12.3,0.27,0.49,3.1,0.079,28.0,46.0,0.9993,0.8,0
876,8.9,0.31,0.36,2.6,0.055999999999999994,10.0,39.0,0.9956200000000001,0.69,0
877,6.7,0.13,0.32,3.7,0.017,32.0,99.0,0.9934799999999999,0.44,1
878,7.4,0.3,0.49,8.2,0.055,49.0,188.0,0.9974,0.58,1
879,7.4,0.24,0.31,8.4,0.045,52.0,183.0,0.9963,0.32,1
880,6.2,0.17,0.3,1.1,0.037000000000000005,14.0,79.0,0.993,0.54,1
881,7.2,0.25,0.28,14.4,0.055,55.0,205.0,0.9986,0.38,1
882,13.2,0.46,0.52,2.2,0.071,12.0,35.0,1.0006,0.56,0
883,8.2,0.22,0.49,9.6,0.037000000000000005,53.0,154.0,0.9951,0.33,1
884,6.0,0.29,0.21,15.55,0.043,20.0,142.0,0.9965799999999999,0.54,1
885,7.4,0.74,0.07,1.7,0.086,15.0,48.0,0.9950200000000001,0.48,0
886,7.6,0.26,0.58,7.9,0.040999999999999995,62.0,180.0,0.9966,0.38,1
887,8.9,0.35,0.4,3.6,0.11,12.0,24.0,0.99549,0.7,0
888,7.5,0.38,0.57,2.3,0.106,5.0,12.0,0.99605,0.55,0
889,6.5,0.15,0.55,5.9,0.045,75.0,162.0,0.99482,0.4,1
890,7.3,0.38,0.23,6.5,0.05,18.0,102.0,0.9930399999999999,0.55,1
891,7.3,0.19,0.24,6.3,0.054000000000000006,34.0,231.0,0.9964,0.54,1
892,5.9,0.25,0.24,7.4,0.044000000000000004,21.0,113.0,0.9946200000000001,0.58,1
893,6.8,0.59,0.1,1.7,0.063,34.0,53.0,0.9958,0.67,0
894,6.3,0.27,0.49,1.2,0.063,35.0,92.0,0.9911,0.42,1
895,5.8,0.29,0.05,0.8,0.038,11.0,30.0,0.9924,0.35,1
896,6.1,0.2,0.4,1.9,0.027999999999999997,32.0,138.0,0.9914,0.72,1
897,6.9,0.39,0.24,2.1,0.102,4.0,7.0,0.9946200000000001,0.58,0
898,6.1,0.34,0.31,12.0,0.053,46.0,238.0,0.9977,0.48,1
899,6.9,0.49,0.1,2.3,0.07400000000000001,12.0,30.0,0.9959,0.58,0
900,6.4,0.17,0.27,9.9,0.047,26.0,101.0,0.9959600000000001,0.5,1
901,6.0,0.33,0.2,1.8,0.031,49.0,159.0,0.9919,0.53,1
902,7.0,0.745,0.12,1.8,0.114,15.0,64.0,0.9958799999999999,0.59,0
903,5.4,0.22,0.35,6.5,0.028999999999999998,26.0,87.0,0.99092,0.44,1
904,7.4,0.16,0.31,6.85,0.059000000000000004,31.0,131.0,0.9952,0.34,1
905,8.1,0.73,0.0,2.5,0.081,12.0,24.0,0.99798,0.46,0
906,8.0,0.25,0.49,1.2,0.061,27.0,117.0,0.9938,0.34,1
907,8.1,0.29,0.36,2.2,0.048,35.0,53.0,0.995,1.01,0
908,6.9,0.25,0.24,3.6,0.057,13.0,85.0,0.9942,0.48,1
909,5.8,0.23,0.31,3.5,0.044000000000000004,35.0,158.0,0.98998,0.37,1
910,5.8,0.6,0.0,1.3,0.044000000000000004,72.0,197.0,0.9920200000000001,0.43,1
911,6.3,0.98,0.01,2.0,0.057,15.0,33.0,0.9948799999999999,0.46,0
912,6.3,0.22,0.22,5.6,0.039,31.0,128.0,0.9929600000000001,0.46,1
913,7.1,0.2,0.34,16.0,0.05,51.0,166.0,0.9985,0.6,1
914,6.8,0.73,0.2,6.6,0.054000000000000006,25.0,65.0,0.99324,0.28,1
915,10.7,0.4,0.37,1.9,0.081,17.0,29.0,0.99674,0.65,0
916,8.3,0.845,0.01,2.2,0.07,5.0,14.0,0.9967,0.58,0
917,6.3,0.28,0.22,11.5,0.036000000000000004,27.0,150.0,0.99445,0.33,1
918,6.7,0.33,0.42,6.4,0.057999999999999996,27.0,151.0,0.9954,0.44,1
919,6.3,0.15,0.34,11.4,0.05,25.0,96.0,0.99754,0.49,1
920,8.6,0.16,0.38,3.4,0.04,41.0,143.0,0.9932,0.39,1
921,9.3,0.32,0.57,2.0,0.07400000000000001,27.0,65.0,0.9969,0.79,0
922,6.1,0.32,0.37,1.8,0.051,13.0,200.0,0.9945,0.44,1
923,7.3,0.25,0.26,7.2,0.048,52.0,207.0,0.99587,0.37,1
924,10.0,0.59,0.31,2.2,0.09,26.0,62.0,0.9994,0.63,0
925,6.3,0.32,0.35,11.1,0.039,29.0,198.0,0.9984,0.5,1
926,6.8,0.64,0.03,2.3,0.075,14.0,31.0,0.99545,0.58,0
927,7.0,0.21,0.28,7.5,0.07,45.0,185.0,0.9966,0.55,1
928,6.3,0.55,0.45,13.0,0.047,33.0,182.0,0.9974,0.46,1
929,6.0,0.26,0.32,3.8,0.028999999999999998,48.0,180.0,0.99011,0.34,1
930,9.9,0.72,0.55,1.7,0.136,24.0,52.0,0.9975200000000001,0.94,0
931,5.8,0.32,0.28,4.3,0.032,46.0,115.0,0.98946,0.57,1
932,7.4,0.64,0.07,1.8,0.1,8.0,23.0,0.9961,0.58,0
933,6.2,0.3,0.21,1.1,0.032,31.0,111.0,0.9889,0.42,1
934,4.8,0.13,0.32,1.2,0.042,40.0,98.0,0.9898,0.64,1
935,10.8,0.32,0.44,1.6,0.063,16.0,37.0,0.9985,0.78,0
936,6.3,0.22,0.57,1.4,0.20800000000000002,14.0,96.0,0.9932,0.43,1
937,7.3,0.39,0.31,2.4,0.07400000000000001,9.0,46.0,0.9962,0.54,0
938,9.0,0.69,0.0,2.4,0.08800000000000001,19.0,38.0,0.9990000000000001,0.6,0
939,8.4,0.57,0.44,10.7,0.051,46.0,195.0,0.9981,0.51,1
940,5.6,0.26,0.27,10.6,0.03,27.0,119.0,0.9947,0.34,1
941,6.5,0.36,0.36,6.7,0.185,51.5,151.0,0.9952799999999999,0.42,1
942,7.2,0.17,0.34,6.4,0.042,16.0,111.0,0.9927799999999999,0.4,1
943,6.7,0.36,0.28,8.3,0.034,29.0,81.0,0.99151,0.39,1
944,5.5,0.16,0.26,1.5,0.032,35.0,100.0,0.9907600000000001,0.77,1
945,6.5,0.36,0.16,1.3,0.054000000000000006,11.0,107.0,0.99398,0.39,1
946,8.1,0.26,0.33,11.1,0.052000000000000005,52.5,158.0,0.9976,0.49,1
947,6.0,0.37,0.32,1.0,0.053,31.0,218.5,0.9924,0.72,1
948,7.6,0.27,0.42,2.6,0.044000000000000004,29.0,110.0,0.9912,0.51,1
949,8.3,0.2,0.74,4.45,0.044000000000000004,33.0,130.0,0.9924,0.42,1
950,5.6,0.255,0.57,10.7,0.055999999999999994,66.0,171.0,0.99464,0.61,1
951,10.2,0.67,0.39,1.9,0.054000000000000006,6.0,17.0,0.9976,0.47,0
952,6.8,0.67,0.02,1.8,0.05,5.0,11.0,0.9962,0.52,0
953,8.5,0.56,0.74,17.85,0.051,51.0,243.0,1.0005,0.7,1
954,7.1,0.39,0.39,11.1,0.034,25.0,204.0,0.99616,0.52,1
955,6.3,0.34,0.36,4.9,0.035,31.0,185.0,0.9946,0.49,1
956,7.0,0.29,0.49,3.8,0.047,37.0,136.0,0.9938,0.4,1
957,7.8,0.56,0.19,2.1,0.081,15.0,105.0,0.9962,0.54,0
958,6.4,0.36,0.2,5.7,0.11800000000000001,61.0,172.0,0.9946,0.43,1
959,6.7,0.2,0.41,9.1,0.044000000000000004,50.0,166.0,0.9954,0.58,1
960,6.9,0.18,0.36,1.3,0.036000000000000004,40.0,117.0,0.9934,0.95,1
961,8.1,0.2,0.49,8.1,0.051,51.0,205.0,0.9954,0.52,1
962,6.3,0.17,0.42,2.8,0.027999999999999997,45.0,107.0,0.9908,0.43,1
963,6.7,0.76,0.02,1.8,0.078,6.0,12.0,0.996,0.63,0
964,5.4,0.185,0.19,7.1,0.048,36.0,110.0,0.9943799999999999,0.41,1
965,6.9,0.2,0.5,10.0,0.036000000000000004,78.0,167.0,0.9964,0.55,1
966,6.8,0.26,0.43,11.75,0.045,53.0,198.0,0.9969,0.55,1
967,5.9,0.42,0.36,2.4,0.034,19.0,77.0,0.9918399999999999,0.48,1
968,7.2,0.4,0.62,10.8,0.040999999999999995,70.0,189.0,0.9976,0.49,1
969,6.9,0.32,0.15,8.1,0.046,51.0,180.0,0.9958,0.45,1
970,6.8,0.21,0.4,6.3,0.032,40.0,121.0,0.9921399999999999,0.53,1
971,6.6,0.16,0.29,1.8,0.05,40.0,147.0,0.9912,0.44,1
972,7.9,0.46,0.32,4.1,0.033,40.0,138.0,0.9912,0.44,1
973,7.4,0.41,0.24,1.8,0.066,18.0,47.0,0.9956,0.62,0
974,8.3,0.27,0.45,1.3,0.048,8.0,72.0,0.9944,0.61,1
975,5.1,0.21,0.28,1.4,0.047,48.0,148.0,0.9916799999999999,0.49,1
976,7.4,0.29,0.5,1.8,0.042,35.0,127.0,0.9937,0.5,1
977,6.8,0.26,0.42,1.7,0.049,41.0,122.0,0.993,0.48,1
978,7.4,0.33,0.26,2.6,0.04,29.0,115.0,0.9913,0.52,1
979,6.5,0.33,0.38,2.5,0.047,30.0,148.0,0.98964,0.43,1
980,6.8,0.22,0.31,6.9,0.037000000000000005,33.0,121.0,0.9917600000000001,0.39,1
981,7.8,0.735,0.08,2.4,0.092,10.0,41.0,0.9974,0.71,0
982,7.7,0.2,0.44,13.9,0.05,44.0,130.0,0.99855,0.48,1
983,7.1,0.25,0.28,1.6,0.052000000000000005,46.0,169.0,0.9926,0.41,1
984,7.5,0.38,0.29,4.9,0.021,38.0,113.0,0.99026,0.48,1
985,6.8,0.28,0.39,1.4,0.036000000000000004,15.0,115.0,0.9918,0.72,1
986,6.5,0.43,0.28,11.25,0.032,31.0,87.0,0.9922,0.38,1
987,5.0,0.4,0.5,4.3,0.046,29.0,80.0,0.9902,0.66,0
988,12.4,0.49,0.58,3.0,0.10300000000000001,28.0,99.0,1.0008,1.0,0
989,6.4,0.17,0.27,1.5,0.037000000000000005,20.0,98.0,0.9916,0.42,1
990,5.8,0.28,0.27,2.6,0.054000000000000006,30.0,156.0,0.9914,0.42,1
991,6.8,0.24,0.34,5.1,0.038,31.0,99.0,0.9921,0.46,1
992,6.2,0.23,0.35,0.7,0.051,24.0,111.0,0.9916,0.43,1
993,6.1,0.27,0.3,16.7,0.039,49.0,172.0,0.99985,0.45,1
994,6.1,0.25,0.24,12.1,0.046,51.0,172.0,0.998,0.45,1
995,7.3,0.32,0.34,6.6,0.032,24.0,112.0,0.99505,0.46,1
996,6.1,0.31,0.58,5.0,0.039,36.0,114.0,0.9909,0.6,1
997,5.7,0.33,0.32,1.4,0.043,28.0,93.0,0.9897,0.5,1
998,8.4,0.34,0.42,2.1,0.07200000000000001,23.0,36.0,0.99392,0.78,0
999,7.4,0.56,0.09,1.5,0.071,19.0,117.0,0.9949600000000001,0.53,1
1000,6.3,0.22,0.34,5.0,0.032,36.0,93.0,0.9901200000000001,0.36,1
1001,8.5,0.2,0.4,1.1,0.046,31.0,106.0,0.9919399999999999,0.35,1
1002,6.9,0.28,0.41,1.4,0.016,6.0,55.0,0.9887600000000001,0.4,1
1003,7.3,0.24,0.39,3.6,0.024,35.0,116.0,0.9928,0.51,1
1004,6.2,0.51,0.14,1.9,0.055999999999999994,15.0,34.0,0.9939600000000001,0.57,0
1005,6.0,0.49,0.0,2.3,0.068,15.0,33.0,0.99292,0.59,0
1006,7.2,0.39,0.63,11.0,0.044000000000000004,55.0,156.0,0.9974,0.44,1
1007,6.8,0.27,0.35,7.8,0.048,76.0,197.0,0.9959,0.43,1
1008,7.1,0.68,0.0,2.3,0.087,17.0,26.0,0.9978299999999999,0.53,0
1009,5.6,0.2,0.36,2.5,0.048,16.0,125.0,0.99282,0.49,1
1010,5.8,0.27,0.2,7.3,0.04,42.0,145.0,0.9944200000000001,0.48,1
1011,8.6,0.33,0.4,2.6,0.083,16.0,68.0,0.99782,0.48,0
1012,5.8,0.28,0.66,9.1,0.039,26.0,159.0,0.9965,0.55,1
1013,8.0,0.77,0.32,2.1,0.079,16.0,74.0,0.99656,0.5,0
1014,6.4,0.15,0.31,1.1,0.044000000000000004,25.0,96.0,0.9932,0.51,1
1015,6.1,0.32,0.28,6.6,0.021,29.0,132.0,0.9918799999999999,0.36,1
1016,8.0,0.33,0.35,10.0,0.035,22.0,108.0,0.9945700000000001,0.36,1
1017,7.3,0.22,0.4,14.75,0.042,44.5,129.5,0.9998,0.41,1
1018,8.6,0.47,0.47,2.4,0.07400000000000001,7.0,29.0,0.9979,0.46,0
1019,8.7,0.765,0.22,2.3,0.064,9.0,42.0,0.9963,0.55,0
1020,7.4,0.28,0.3,5.3,0.054000000000000006,44.0,161.0,0.9941,0.48,1
1021,9.3,0.31,0.49,1.3,0.042,34.0,147.0,0.9948,0.46,1
1022,6.5,0.22,0.45,8.0,0.053,52.0,196.0,0.9959,0.48,1
1023,5.5,0.485,0.0,1.5,0.065,8.0,103.0,0.9940000000000001,0.4,1
1024,7.7,0.49,1.0,19.6,0.03,28.0,135.0,0.9973,0.4,1
1025,5.8,0.68,0.02,1.8,0.087,21.0,94.0,0.9944,0.52,0
1026,8.5,0.4,0.4,6.3,0.05,3.0,10.0,0.99566,0.56,0
1027,6.4,0.25,0.3,5.5,0.038,15.0,129.0,0.9948,0.49,1
1028,5.9,0.29,0.25,12.0,0.057,48.0,224.0,0.9981,0.41,1
1029,6.7,0.54,0.27,7.1,0.049,8.0,178.0,0.9950200000000001,0.38,1
1030,10.2,0.24,0.49,2.4,0.075,10.0,28.0,0.9978,0.61,0
1031,6.6,0.38,0.15,4.6,0.044000000000000004,25.0,78.0,0.9931,0.38,1
1032,6.9,0.29,0.41,7.8,0.046,52.0,171.0,0.9953700000000001,0.51,1
1033,7.4,0.44,0.2,11.5,0.049,44.0,157.0,0.998,0.44,1
1034,7.0,0.31,0.29,1.4,0.037000000000000005,33.0,128.0,0.9896,0.36,1
1035,6.4,0.28,0.23,6.0,0.051,50.0,162.0,0.9940000000000001,0.52,1
1036,7.6,0.29,0.49,9.6,0.03,45.0,197.0,0.9938,0.38,1
1037,5.0,1.04,0.24,1.6,0.05,32.0,96.0,0.9934,0.62,0
1038,8.3,0.28,0.4,7.8,0.040999999999999995,38.0,194.0,0.9976,0.51,1
1039,7.0,0.55,0.05,8.0,0.036000000000000004,19.0,164.0,0.99269,0.46,1
1040,7.7,0.3,0.23,2.0,0.068,28.0,138.0,0.99382,0.62,1
1041,8.2,0.23,0.37,1.3,0.042,39.0,117.0,0.9928,0.36,1
1042,5.7,0.21,0.32,0.9,0.038,38.0,121.0,0.99074,0.46,1
1043,5.6,0.18,0.3,10.2,0.027999999999999997,28.0,131.0,0.9954,0.42,1
1044,6.0,0.34,0.32,3.8,0.044000000000000004,13.0,116.0,0.99108,0.44,1
1045,6.9,0.24,0.4,15.4,0.052000000000000005,81.0,198.0,0.9986,0.69,1
1046,4.8,0.21,0.21,10.2,0.037000000000000005,17.0,112.0,0.99324,0.48,1
1047,7.5,0.21,0.29,1.5,0.046,35.0,107.0,0.9912299999999999,0.45,1
1048,6.9,0.16,0.35,1.3,0.043,21.0,182.0,0.9927,0.62,1
1049,8.5,0.28,0.34,13.8,0.040999999999999995,32.0,161.0,0.9981,0.4,1
1050,6.3,0.3,0.28,5.0,0.042,36.0,168.0,0.99505,0.69,1
1051,6.6,0.3,0.24,1.2,0.034,17.0,121.0,0.9933,0.36,1
1052,6.8,0.34,0.36,8.9,0.028999999999999998,44.0,128.0,0.99318,0.35,1
1053,7.9,0.21,0.4,1.2,0.039,38.0,107.0,0.992,0.54,1
1054,6.3,0.25,0.22,3.3,0.048,41.0,161.0,0.99256,0.5,1
1055,6.9,0.3,0.21,15.7,0.055999999999999994,49.0,159.0,0.9982700000000001,0.48,1
1056,8.0,0.64,0.22,2.4,0.094,5.0,33.0,0.9961200000000001,0.58,0
1057,7.9,0.24,0.4,1.6,0.055999999999999994,11.0,25.0,0.9967,0.87,0
1058,6.0,0.25,0.4,5.7,0.052000000000000005,56.0,152.0,0.99398,0.88,1
1059,7.1,0.59,0.01,2.3,0.08,27.0,43.0,0.9955,0.58,0
1060,7.9,0.35,0.36,1.6,0.038,11.0,124.0,0.9928,0.48,1
1061,6.4,0.42,0.09,2.3,0.054000000000000006,34.0,64.0,0.99724,0.68,0
1062,5.2,0.44,0.04,1.4,0.036000000000000004,43.0,119.0,0.9894,0.33,1
1063,8.0,0.43,0.36,2.3,0.075,10.0,48.0,0.9976,0.46,0
1064,6.8,0.21,0.42,1.2,0.045,24.0,126.0,0.99234,0.87,1
1065,7.5,0.23,0.68,11.0,0.047,37.0,133.0,0.9978,0.38,1
1066,6.8,0.3,0.23,4.6,0.061,50.5,238.5,0.9958,0.6,1
1067,5.4,0.17,0.27,2.7,0.049,28.0,104.0,0.99224,0.55,1
1068,9.0,0.46,0.31,2.8,0.09300000000000001,19.0,98.0,0.99815,0.63,0
1069,8.0,0.29,0.49,11.7,0.035,40.0,131.0,0.9958,0.34,1
1070,6.6,0.36,0.28,6.1,0.028999999999999998,12.0,93.0,0.99054,0.27,1
1071,8.1,0.2,0.4,2.0,0.037000000000000005,19.0,87.0,0.9921,0.54,1
1072,6.6,0.815,0.02,2.7,0.07200000000000001,17.0,34.0,0.9955,0.89,0
1073,8.7,0.78,0.51,1.7,0.415,12.0,66.0,0.99623,1.17,0
1074,7.8,0.56,0.19,2.0,0.081,17.0,108.0,0.9962,0.54,0
1075,6.7,0.24,0.46,2.2,0.033,19.0,111.0,0.99045,0.62,1
1076,5.8,0.32,0.38,4.75,0.033,23.0,94.0,0.991,0.42,1
1077,6.9,0.19,0.32,7.9,0.042,30.0,130.0,0.99456,0.39,1
1078,5.1,0.305,0.13,1.75,0.036000000000000004,17.0,73.0,0.99,0.51,1
1079,6.6,0.14,0.44,1.6,0.042,47.0,140.0,0.993,0.51,1
1080,6.7,0.675,0.07,2.4,0.08900000000000001,17.0,82.0,0.9958,0.54,0
1081,6.6,0.24,0.28,6.7,0.032,26.0,91.0,0.99172,0.32,1
1082,7.7,0.35,0.49,8.65,0.033,42.0,186.0,0.9931,0.38,1
1083,6.1,0.17,0.42,15.1,0.033,28.0,124.0,0.99684,0.47,1
1084,4.8,0.34,0.0,6.5,0.027999999999999997,33.0,163.0,0.9939,0.61,1
1085,5.6,0.19,0.31,2.7,0.027000000000000003,11.0,100.0,0.98964,0.4,1
1086,6.8,0.35,0.53,10.1,0.053,37.0,151.0,0.9963,0.4,1
1087,7.7,0.66,0.04,1.6,0.039,4.0,9.0,0.9962,0.47,0
1088,6.2,0.21,0.27,1.7,0.038,41.0,150.0,0.9933,0.71,1
1089,6.8,0.32,0.39,9.6,0.026000000000000002,34.0,124.0,0.9928600000000001,0.35,1
1090,6.1,0.22,0.4,1.85,0.031,25.0,111.0,0.98966,0.3,1
1091,6.4,0.33,0.24,1.6,0.054000000000000006,25.0,117.0,0.9943,0.5,1
1092,6.7,0.31,0.31,4.9,0.031,20.0,151.0,0.9926,0.82,1
1093,7.0,0.58,0.28,4.8,0.085,12.0,69.0,0.9963299999999999,0.7,0
1094,6.2,0.36,0.32,4.0,0.036000000000000004,44.0,92.0,0.98936,0.5,1
1095,5.1,0.33,0.22,1.6,0.027000000000000003,18.0,89.0,0.9893,0.38,1
1096,8.3,0.41,0.51,2.0,0.046,11.0,207.0,0.993,0.55,1
1097,9.0,0.66,0.17,3.0,0.077,5.0,13.0,0.9976,0.55,0
1098,7.2,0.37,0.32,2.0,0.062,15.0,28.0,0.9947,0.73,0
1099,7.1,0.22,0.74,2.7,0.044000000000000004,42.0,144.0,0.991,0.41,1
1100,8.3,0.26,0.37,1.4,0.076,8.0,23.0,0.9974,0.7,0
1101,11.9,0.43,0.66,3.1,0.109,10.0,23.0,1.0,0.85,0
1102,11.8,0.26,0.52,1.8,0.071,6.0,10.0,0.9968,0.72,0
1103,8.0,0.81,0.25,3.4,0.076,34.0,85.0,0.9966799999999999,0.42,0
1104,5.6,0.34,0.1,1.3,0.031,20.0,68.0,0.9906,0.51,1
1105,8.8,0.59,0.18,2.9,0.08900000000000001,12.0,74.0,0.9973799999999999,0.54,0
1106,6.6,0.37,0.47,6.5,0.061,23.0,150.0,0.9954,0.45,1
1107,7.6,0.17,0.45,11.2,0.054000000000000006,56.0,137.0,0.997,0.47,1
1108,6.7,0.54,0.28,5.4,0.06,21.0,105.0,0.9949,0.37,1
1109,10.0,0.44,0.49,2.7,0.077,11.0,19.0,0.9963,0.63,0
1110,7.5,0.42,0.14,10.7,0.046,18.0,95.0,0.9959,0.33,1
1111,5.9,0.21,0.23,7.9,0.033,22.0,130.0,0.9944,0.59,1
1112,5.9,0.23,0.3,12.9,0.054000000000000006,57.0,170.0,0.9972,0.39,1
1113,8.4,0.19,0.42,1.6,0.047,9.0,101.0,0.9940000000000001,0.65,1
1114,7.5,0.22,0.29,4.8,0.05,33.0,87.0,0.9940000000000001,0.42,1
1115,5.0,0.29,0.54,5.7,0.035,54.0,155.0,0.9897600000000001,0.34,1
1116,7.7,0.51,0.28,2.1,0.087,23.0,54.0,0.998,0.74,0
1117,6.2,0.34,0.3,11.1,0.047,28.0,237.0,0.9981,0.49,1
1118,6.9,0.18,0.3,2.0,0.038,39.0,190.0,0.9914,0.37,1
1119,5.9,0.46,0.14,2.7,0.042,27.0,160.0,0.9931,0.51,1
1120,10.7,0.35,0.53,2.6,0.07,5.0,16.0,0.9972,0.65,0
1121,8.6,0.2,0.42,1.5,0.040999999999999995,35.0,125.0,0.9925,0.49,1
1122,9.2,0.43,0.49,2.4,0.086,23.0,116.0,0.9976,0.64,0
1123,7.5,0.43,0.3,2.2,0.062,6.0,12.0,0.99495,0.72,0
1124,6.4,0.41,0.24,14.0,0.048,24.0,113.0,0.9982,0.53,1
1125,7.0,0.17,0.36,6.4,0.055,42.0,123.0,0.99318,0.5,1
1126,7.8,0.17,0.5,1.3,0.045,35.0,140.0,0.9904,0.4,1
1127,7.6,0.25,1.23,4.6,0.035,51.0,294.0,0.99018,0.43,1
1128,8.2,0.43,0.29,1.6,0.081,27.0,45.0,0.99603,0.54,0
1129,6.4,0.27,0.3,1.6,0.04,19.0,86.0,0.9908899999999999,0.65,1
1130,8.0,0.19,0.36,1.8,0.05,16.0,84.0,0.9936,0.45,1
1131,9.4,0.59,0.14,2.0,0.084,25.0,48.0,0.9981,0.56,0
1132,6.4,0.21,0.5,11.6,0.042,45.0,153.0,0.9972,0.43,1
1133,7.3,0.3,0.25,2.5,0.045,32.0,122.0,0.99329,0.54,1
1134,5.3,0.24,0.33,1.3,0.033,25.0,97.0,0.9906,0.38,1
1135,8.3,0.16,0.37,7.9,0.025,38.0,107.0,0.99306,0.37,1
1136,6.2,0.16,0.33,1.1,0.057,21.0,82.0,0.991,0.46,1
1137,7.8,0.23,0.28,4.75,0.042,45.0,166.0,0.9928,0.4,1
1138,6.3,0.41,0.18,3.5,0.027000000000000003,23.0,109.0,0.99018,0.54,1
1139,10.4,0.33,0.63,2.8,0.084,5.0,22.0,0.9998,0.74,0
1140,4.4,0.32,0.39,4.3,0.03,31.0,127.0,0.9890399999999999,0.36,1
1141,7.9,0.29,0.31,7.35,0.034,37.0,154.0,0.9938,0.31,1
1142,6.4,0.26,0.21,8.2,0.05,51.0,182.0,0.9954200000000001,0.48,1
1143,6.3,0.27,0.29,12.2,0.044000000000000004,59.0,196.0,0.99782,0.4,1
1144,6.5,0.28,0.34,9.9,0.038,30.0,133.0,0.9954,0.44,1
1145,7.4,0.36,0.3,1.8,0.07400000000000001,17.0,24.0,0.99419,0.7,0
1146,10.6,0.44,0.68,4.1,0.114,6.0,24.0,0.997,0.66,0
1147,6.3,0.3,0.24,6.6,0.04,38.0,141.0,0.995,0.47,1
1148,7.4,0.33,0.26,15.6,0.049,67.0,210.0,0.9990700000000001,0.68,1
1149,7.9,0.16,0.74,17.85,0.037000000000000005,52.0,187.0,0.9998,0.41,1
1150,8.2,0.18,0.31,11.8,0.039,96.0,249.0,0.9976,0.52,1
1151,9.0,0.4,0.41,2.0,0.057999999999999996,15.0,40.0,0.9941399999999999,0.6,0
1152,6.3,0.31,0.3,10.0,0.046,49.0,212.0,0.9962,0.55,1
1153,7.9,0.35,0.46,3.6,0.078,15.0,37.0,0.9973,0.86,0
1154,6.4,0.35,0.35,5.6,0.034,9.0,148.0,0.99441,0.5,1
1155,7.6,0.29,0.49,2.7,0.092,25.0,60.0,0.9971,0.61,0
1156,6.7,0.15,0.32,7.9,0.034,17.0,81.0,0.9951200000000001,0.31,1
1157,8.1,0.87,0.0,3.3,0.096,26.0,61.0,1.00025,0.72,0
1158,6.5,0.4,0.31,3.5,0.046,22.0,147.0,0.99024,0.31,1
1159,7.6,0.78,0.0,1.7,0.076,33.0,45.0,0.9961200000000001,0.62,0
1160,7.3,0.41,0.24,6.8,0.057,41.0,163.0,0.9949,0.41,1
1161,6.9,0.48,0.2,1.9,0.08199999999999999,9.0,23.0,0.99585,0.43,0
1162,7.8,0.55,0.35,2.2,0.07400000000000001,21.0,66.0,0.9974,0.56,0
1163,7.3,0.32,0.48,13.3,0.06,57.0,196.0,0.9982,0.5,1
1164,7.6,0.19,0.32,18.75,0.047,32.0,193.0,1.00014,0.5,1
1165,7.1,0.48,0.28,2.8,0.068,6.0,16.0,0.99682,0.53,0
1166,6.3,0.3,0.2,3.7,0.039,34.0,132.0,0.9915799999999999,0.38,1
1167,7.2,0.33,0.28,1.4,0.034,26.0,109.0,0.99246,0.57,1
1168,6.4,0.23,0.27,2.1,0.042,35.0,100.0,0.9909399999999999,0.63,1
1169,5.8,0.42,0.3,2.2,0.035,26.0,129.0,0.9890000000000001,0.47,1
1170,7.5,0.24,0.62,10.6,0.045,51.0,153.0,0.99779,0.44,1
1171,6.1,0.38,0.2,6.6,0.033,25.0,137.0,0.9938,0.69,1
1172,6.0,0.17,0.36,1.7,0.042,14.0,61.0,0.99144,0.54,1
1173,6.3,0.13,0.42,1.1,0.043,63.0,146.0,0.99066,0.72,1
1174,7.9,0.58,0.23,2.3,0.076,23.0,94.0,0.9968600000000001,0.58,0
1175,5.3,0.36,0.27,6.3,0.027999999999999997,40.0,132.0,0.9918600000000001,0.4,1
1176,6.6,0.25,0.39,1.45,0.04,40.0,89.0,0.9911,0.4,1
1177,5.8,0.15,0.49,1.1,0.048,21.0,98.0,0.9929,0.48,1
1178,6.6,0.27,0.41,1.3,0.052000000000000005,16.0,142.0,0.9951,0.47,1
1179,7.1,0.6,0.01,2.3,0.079,24.0,37.0,0.9951399999999999,0.61,0
1180,7.8,0.42,0.23,8.8,0.054000000000000006,42.0,215.0,0.9971,0.58,1
1181,5.8,0.36,0.38,0.9,0.037000000000000005,3.0,75.0,0.9904,0.34,1
1182,11.5,0.41,0.52,3.0,0.08,29.0,55.0,1.0001,0.88,0
1183,7.0,0.22,0.29,8.9,0.05,24.0,90.0,0.99556,0.46,1
1184,5.8,0.29,0.38,10.7,0.038,49.0,136.0,0.99366,0.59,1
1185,5.6,0.295,0.26,1.1,0.035,40.0,102.0,0.99154,0.56,1
1186,7.6,0.37,0.51,11.7,0.094,58.0,181.0,0.9977600000000001,0.51,1
1187,6.6,0.17,0.35,2.6,0.03,33.0,78.0,0.99146,0.72,1
1188,6.7,0.25,0.33,2.9,0.057,52.0,173.0,0.9934,0.48,1
1189,5.3,0.76,0.03,2.7,0.043,27.0,93.0,0.9932,0.38,1
1190,8.9,0.33,0.32,1.5,0.047,11.0,200.0,0.9954,0.46,1
1191,6.7,0.34,0.26,1.9,0.038,58.0,138.0,0.9893,0.47,1
1192,7.7,0.28,0.24,2.4,0.044000000000000004,29.0,157.0,0.9931200000000001,0.56,1
1193,8.4,0.17,0.31,5.4,0.052000000000000005,47.0,150.0,0.9953,0.38,1
1194,6.5,0.46,0.41,16.8,0.084,59.0,222.0,0.9993,0.58,1
1195,8.3,0.66,0.15,1.9,0.079,17.0,42.0,0.9972,0.54,0
1196,8.4,0.2,0.38,11.8,0.055,51.0,170.0,1.0004,0.82,1
1197,6.4,0.29,0.21,9.65,0.040999999999999995,36.0,119.0,0.99334,0.34,1
1198,6.5,0.43,0.28,12.0,0.055999999999999994,23.0,174.0,0.9986,0.55,1
1199,6.0,0.11,0.47,10.6,0.052000000000000005,69.0,148.0,0.9958,0.34,1
1200,8.0,0.22,0.28,14.0,0.053,83.0,197.0,0.9981,0.45,1
1201,6.3,0.27,0.51,7.6,0.049,35.0,200.0,0.9954799999999999,0.54,1
1202,5.9,0.17,0.29,3.1,0.03,32.0,123.0,0.98913,0.33,1
1203,5.7,0.28,0.28,2.2,0.019,15.0,65.0,0.9902,0.52,1
1204,8.0,0.2,0.4,5.2,0.055,41.0,167.0,0.9953,0.4,1
1205,6.3,0.15,0.3,1.4,0.022000000000000002,38.0,100.0,0.9909899999999999,0.57,1
1206,8.0,0.23,0.37,9.6,0.054000000000000006,23.0,159.0,0.99795,0.47,1
1207,8.3,0.705,0.12,2.6,0.092,12.0,28.0,0.9994,0.72,0
1208,8.2,0.18,0.49,1.1,0.033,28.0,81.0,0.9923,0.68,1
1209,5.8,0.24,0.39,1.5,0.054000000000000006,37.0,158.0,0.9932,0.52,1
1210,8.0,0.14,0.49,1.5,0.035,42.0,120.0,0.9928,0.4,1
1211,5.7,0.18,0.36,1.2,0.046,9.0,71.0,0.9919899999999999,0.68,1
1212,7.5,0.23,0.49,7.7,0.049,61.0,209.0,0.9941,0.3,1
1213,6.8,0.19,0.4,9.85,0.055,41.0,103.0,0.9953200000000001,0.56,1
1214,7.3,0.22,0.37,15.5,0.048,70.0,203.0,0.9989899999999999,0.77,1
1215,10.3,0.27,0.56,1.4,0.047,3.0,8.0,0.99471,0.51,0
1216,8.2,0.27,0.39,7.8,0.039,49.0,208.0,0.9976,0.51,1
1217,6.7,0.3,0.74,5.0,0.038,35.0,157.0,0.9945,0.46,1
1218,6.5,0.29,0.32,3.0,0.036000000000000004,38.0,93.0,0.9906,0.59,1
1219,8.8,0.52,0.34,2.7,0.087,24.0,122.0,0.9982,0.61,0
1220,5.3,0.26,0.23,5.15,0.034,48.0,160.0,0.9952,0.51,1
1221,8.8,0.34,0.33,9.7,0.036000000000000004,46.0,172.0,0.9966,0.4,1
1222,7.3,0.24,0.34,7.5,0.048,29.0,152.0,0.9962,0.54,1
1223,6.6,0.13,0.29,13.9,0.055999999999999994,33.0,95.0,0.99702,0.39,1
1224,6.5,0.38,0.53,1.4,0.142,5.0,69.0,0.9926,0.52,1
1225,5.6,0.22,0.32,1.2,0.024,29.0,97.0,0.9882299999999999,0.46,1
1226,5.7,0.32,0.38,4.75,0.033,23.0,94.0,0.991,0.42,1
1227,6.6,0.36,0.47,1.4,0.145,26.0,124.0,0.99274,0.56,1
1228,7.5,0.34,0.24,3.85,0.031,5.0,34.0,0.99098,0.36,1
1229,6.6,0.88,0.04,2.2,0.066,12.0,20.0,0.99636,0.56,0
1230,8.4,0.27,0.46,8.7,0.048,39.0,197.0,0.9974,0.59,1
1231,6.7,0.27,0.3,13.9,0.028999999999999998,34.0,131.0,0.9953,0.5,1
1232,6.3,0.29,0.4,6.5,0.039,43.0,167.0,0.9953,0.44,1
1233,5.8,1.01,0.66,2.0,0.039,15.0,88.0,0.9935700000000001,0.6,0
1234,5.9,0.65,0.23,5.0,0.035,20.0,128.0,0.99016,0.48,1
1235,8.5,0.34,0.44,1.7,0.079,6.0,12.0,0.99605,0.63,0
1236,8.4,0.35,0.71,12.2,0.046,22.0,160.0,0.9982,0.65,1
1237,6.8,0.27,0.37,8.2,0.055,52.0,192.0,0.9958600000000001,0.52,1
1238,6.2,0.35,0.2,18.1,0.069,33.0,158.0,0.99908,0.5,1
1239,12.4,0.35,0.49,2.6,0.079,27.0,69.0,0.9994,0.75,0
1240,6.2,0.31,0.21,6.3,0.040999999999999995,50.0,218.0,0.9941,0.6,1
1241,6.3,0.37,0.28,6.3,0.034,45.0,152.0,0.9921,0.46,1
1242,6.8,0.25,0.24,4.55,0.053,41.0,211.0,0.9955,0.67,1
1243,6.0,0.2,0.26,14.7,0.045,53.0,125.0,0.998365,0.69,1
1244,6.5,0.315,0.2,6.6,0.040999999999999995,9.0,126.0,0.9949399999999999,0.51,1
1245,7.0,0.12,0.32,7.2,0.057999999999999996,22.0,89.0,0.9966,0.38,1
1246,6.4,0.17,0.34,1.5,0.09300000000000001,43.0,136.0,0.9938,0.49,1
1247,5.8,0.22,0.29,0.9,0.034,34.0,89.0,0.98936,0.36,1
1248,7.6,0.645,0.03,1.9,0.086,14.0,57.0,0.9969,0.46,0
1249,6.4,0.34,0.44,8.2,0.043,54.0,201.0,0.99551,0.48,1
1250,6.2,0.33,0.29,1.3,0.042,26.0,138.0,0.9956,0.64,1
1251,7.2,0.2,0.31,10.0,0.054000000000000006,49.0,165.0,0.997,0.42,1
1252,6.7,0.31,0.31,9.9,0.04,10.0,175.0,0.9953,0.55,1
1253,6.9,0.56,0.03,1.5,0.086,36.0,46.0,0.9952200000000001,0.57,0
1254,6.9,0.26,0.38,10.5,0.044000000000000004,33.0,139.0,0.9951700000000001,0.5,1
1255,6.5,0.43,0.31,3.6,0.046,19.0,143.0,0.9902200000000001,0.34,1
1256,8.0,0.25,0.43,1.7,0.067,22.0,50.0,0.9946,0.6,0
1257,7.9,0.16,0.3,7.4,0.05,58.0,152.0,0.9961200000000001,0.37,1
1258,7.7,0.26,0.26,2.0,0.052000000000000005,19.0,77.0,0.9951,0.79,0
1259,7.2,0.2,0.25,4.5,0.044000000000000004,31.0,109.0,0.9949,0.36,1
1260,6.9,0.3,0.25,3.3,0.040999999999999995,26.0,124.0,0.9942799999999999,0.5,1
1261,7.9,0.72,0.01,1.9,0.076,7.0,32.0,0.9966799999999999,0.54,0
1262,6.4,0.17,0.32,2.4,0.048,41.0,200.0,0.9938,0.5,1
1263,12.0,0.38,0.56,2.1,0.09300000000000001,6.0,24.0,0.99925,0.71,0
1264,9.1,0.5,0.3,1.9,0.065,8.0,17.0,0.99774,0.71,0
1265,9.1,0.3,0.41,2.0,0.068,10.0,24.0,0.99523,0.85,0
1266,8.0,0.32,0.36,4.6,0.042,56.0,178.0,0.9928,0.47,1
1267,6.8,0.69,0.0,5.6,0.124,21.0,58.0,0.9997,0.72,0
1268,8.8,0.31,0.4,2.8,0.109,7.0,16.0,0.9961399999999999,0.79,0
1269,6.8,0.22,0.32,5.9,0.054000000000000006,40.0,152.0,0.9938,0.57,1
1270,5.6,0.34,0.25,2.5,0.046,47.0,182.0,0.99093,0.4,1
1271,7.8,0.25,0.28,7.2,0.04,46.0,179.0,0.99541,0.6,1
1272,7.0,0.685,0.0,1.9,0.099,9.0,22.0,0.9960600000000001,0.6,0
1273,6.2,0.53,0.02,0.9,0.035,6.0,81.0,0.99234,0.35,1
1274,6.7,0.41,0.43,2.8,0.076,22.0,54.0,0.99572,1.16,0
1275,4.5,0.19,0.21,0.95,0.033,89.0,159.0,0.9933200000000001,0.42,1
1276,6.5,0.2,0.31,2.1,0.033,32.0,95.0,0.9894350000000001,0.61,1
1277,6.4,0.33,0.28,4.0,0.04,24.0,81.0,0.9903,0.64,1
1278,6.6,0.52,0.44,12.2,0.048,54.0,245.0,0.9975,0.54,1
1279,6.0,0.26,0.33,4.35,0.04,15.0,80.0,0.98934,0.5,1
1280,6.0,0.54,0.06,1.8,0.05,38.0,89.0,0.99236,0.5,0
1281,5.9,0.22,0.3,1.3,0.052000000000000005,42.0,86.0,0.99069,0.47,1
1282,7.5,0.4,0.12,3.0,0.092,29.0,53.0,0.9967,0.7,0
1283,7.5,0.725,0.04,1.5,0.076,8.0,15.0,0.99508,0.53,0
1284,7.1,0.24,0.41,17.8,0.046,39.0,145.0,0.9998,0.39,1
1285,6.9,0.4,0.17,12.9,0.033,59.0,186.0,0.99754,0.49,1
1286,6.1,0.3,0.56,2.8,0.044000000000000004,47.0,179.0,0.9924,0.57,1
1287,7.6,0.2,0.31,1.4,0.047,41.0,142.0,0.9934,0.53,1
1288,7.4,0.16,0.32,1.4,0.065,23.0,140.0,0.99134,0.47,1
1289,6.4,0.27,0.45,8.3,0.05,52.0,196.0,0.9955,0.48,1
1290,6.9,0.28,0.22,10.0,0.052000000000000005,36.0,131.0,0.9969600000000001,0.46,1
1291,5.9,0.34,0.25,2.0,0.042,12.0,110.0,0.99034,0.54,1
1292,7.6,0.285,0.32,14.6,0.063,32.0,201.0,0.998,0.45,1
1293,6.0,0.19,0.26,1.4,0.039,30.0,104.0,0.98998,0.41,1
1294,6.1,0.27,0.28,9.8,0.042,61.0,125.0,0.9953200000000001,0.42,1
1295,6.5,0.28,0.27,5.2,0.04,44.0,179.0,0.9948,0.69,1
1296,7.0,0.35,0.31,1.8,0.069,15.0,162.0,0.9944,0.47,1
1297,6.0,0.31,0.32,7.4,0.175,47.0,159.0,0.9952,0.5,1
1298,6.0,0.18,0.27,1.5,0.08900000000000001,40.0,143.0,0.9923,0.62,1
1299,7.4,0.37,0.35,5.7,0.061,12.0,94.0,0.9965,0.69,1
1300,6.4,0.29,0.44,3.6,0.2,75.0,181.0,0.9942,0.41,1
1301,6.1,0.21,0.19,1.4,0.046,51.0,131.0,0.9918399999999999,0.39,1
1302,8.2,0.74,0.09,2.0,0.067,5.0,10.0,0.99418,0.57,0
1303,7.6,0.32,0.36,1.6,0.04,32.0,155.0,0.993,0.52,1
1304,7.0,0.18,0.49,5.3,0.04,34.0,125.0,0.9914,0.4,1
1305,7.4,0.19,0.3,12.8,0.053,48.5,212.0,0.9986,0.49,1
1306,10.6,0.36,0.57,2.3,0.087,6.0,20.0,0.9967600000000001,0.72,0
1307,8.4,0.59,0.29,2.6,0.109,31.0,119.0,0.9980100000000001,0.5,0
1308,6.1,0.59,0.01,2.1,0.055999999999999994,5.0,13.0,0.99472,0.56,0
1309,6.5,0.23,0.39,1.9,0.036000000000000004,41.0,98.0,0.99,0.43,1
1310,7.8,0.2,0.28,10.2,0.054000000000000006,78.0,186.0,0.997,0.46,1
1311,7.1,0.715,0.0,2.35,0.071,21.0,47.0,0.9963200000000001,0.45,0
1312,5.9,0.445,0.26,1.4,0.027000000000000003,23.0,109.0,0.9914799999999999,0.36,1
1313,6.6,0.61,0.01,1.9,0.08,8.0,25.0,0.99746,0.73,0
1314,8.4,0.24,0.49,7.4,0.039,46.0,108.0,0.9934,0.33,1
1315,8.9,0.745,0.18,2.5,0.077,15.0,48.0,0.99739,0.47,0
1316,11.7,0.28,0.47,1.7,0.054000000000000006,17.0,32.0,0.9968600000000001,0.67,0
1317,10.8,0.5,0.46,2.5,0.073,5.0,27.0,1.0001,0.64,0
1318,6.4,0.25,0.32,5.5,0.049,41.0,176.0,0.995,0.68,1
1319,12.5,0.46,0.49,4.5,0.07,26.0,49.0,0.9981,0.57,0
1320,6.6,0.29,0.29,1.8,0.036000000000000004,38.0,102.0,0.98819,0.42,1
1321,6.8,0.65,0.02,2.1,0.078,8.0,15.0,0.99498,0.62,0
1322,5.8,0.13,0.26,5.1,0.039,19.0,103.0,0.9947799999999999,0.47,1
1323,6.0,0.22,0.33,12.2,0.033,25.0,97.0,0.99356,0.42,1
1324,7.0,0.22,0.32,1.6,0.045,40.0,120.0,0.9914,0.44,1
1325,6.9,0.2,0.3,4.7,0.040999999999999995,40.0,148.0,0.9932,0.35,1
1326,6.2,0.32,0.45,2.9,0.028999999999999998,37.0,94.0,0.98998,0.6,1
1327,6.8,0.64,0.0,2.7,0.12300000000000001,15.0,33.0,0.9953799999999999,0.63,0
1328,7.5,0.57,0.02,2.6,0.077,11.0,35.0,0.9955700000000001,0.62,0
1329,6.8,0.61,0.04,1.5,0.057,5.0,10.0,0.99525,0.6,0
1330,7.6,0.21,0.35,1.2,0.040999999999999995,7.0,106.0,0.9914,0.45,1
1331,6.5,0.39,0.23,5.4,0.051,25.0,149.0,0.9934,0.35,1
1332,7.4,0.16,0.49,1.2,0.055,18.0,150.0,0.9917,0.47,1
1333,9.2,0.22,0.4,2.4,0.054000000000000006,18.0,151.0,0.9952,0.46,1
1334,6.2,0.26,0.32,15.3,0.031,64.0,185.0,0.99835,0.61,1
1335,8.0,0.29,0.29,13.2,0.046,26.0,113.0,0.9983,0.37,1
1336,7.6,0.32,0.34,18.35,0.054000000000000006,44.0,197.0,1.0008,0.55,1
1337,6.8,0.15,0.3,5.3,0.05,40.0,127.0,0.9942,0.39,1
1338,5.8,0.18,0.28,1.3,0.034,9.0,94.0,0.99092,0.52,1
1339,6.1,0.16,0.29,6.0,0.03,29.0,144.0,0.99474,0.46,1
1340,5.7,0.24,0.47,6.3,0.069,35.0,182.0,0.9939100000000001,0.46,1
1341,7.0,0.31,0.39,7.5,0.055,42.0,218.0,0.9965200000000001,0.54,1
1342,7.3,0.2,0.37,1.2,0.037000000000000005,48.0,119.0,0.992,0.49,1
1343,6.0,0.2,0.26,6.8,0.049,22.0,93.0,0.9928,0.42,1
1344,6.9,0.4,0.56,11.2,0.043,40.0,142.0,0.9975,0.46,1
1345,8.4,0.58,0.27,12.15,0.033,37.0,116.0,0.9959,0.39,1
1346,6.9,0.635,0.17,2.4,0.24100000000000002,6.0,18.0,0.9961,0.59,0
1347,5.5,0.16,0.31,1.2,0.026000000000000002,31.0,68.0,0.9898,0.44,1
1348,7.5,0.42,0.34,4.3,0.04,34.0,108.0,0.99155,0.45,1
1349,10.0,0.2,0.39,1.4,0.05,19.0,152.0,0.9940000000000001,0.42,1
1350,7.9,0.2,0.34,1.2,0.04,29.0,118.0,0.9932,0.41,1
1351,10.3,0.32,0.45,6.4,0.073,5.0,13.0,0.9976,0.82,0
1352,6.4,0.68,0.26,3.4,0.069,25.0,146.0,0.9934700000000001,0.4,1
1353,6.4,0.22,0.34,1.8,0.057,29.0,104.0,0.9959,0.57,1
1354,6.4,0.28,0.43,7.1,0.045,60.0,221.0,0.9952,0.45,1
1355,5.8,0.3,0.23,1.5,0.034,37.0,121.0,0.9887100000000001,0.34,1
1356,5.9,0.19,0.37,0.8,0.027000000000000003,3.0,21.0,0.9897,0.31,1
1357,5.9,0.21,0.28,4.6,0.053,40.0,199.0,0.9964,0.7,1
1358,7.9,0.14,0.74,1.2,0.027999999999999997,30.0,165.0,0.991,0.82,1
1359,6.3,0.23,0.22,3.75,0.039,37.0,116.0,0.9927,0.5,1
1360,7.8,0.34,0.37,2.0,0.08199999999999999,24.0,58.0,0.9964,0.59,0
1361,6.0,0.39,0.17,12.0,0.046,65.0,246.0,0.9976,0.38,1
1362,12.4,0.42,0.49,4.6,0.073,19.0,43.0,0.9978,0.61,0
1363,6.1,0.28,0.25,6.9,0.055999999999999994,44.0,201.0,0.9955,0.4,1
1364,6.4,0.22,0.31,13.9,0.04,57.0,135.0,0.99672,0.38,1
1365,9.4,0.4,0.31,2.2,0.09,13.0,62.0,0.9966,0.63,0
1366,6.2,0.3,0.26,13.4,0.046,57.0,206.0,0.99775,0.43,1
1367,5.6,0.245,0.25,9.7,0.032,12.0,68.0,0.9940000000000001,0.34,1
1368,6.6,0.26,0.22,18.15,0.05,23.0,139.0,0.9990399999999999,0.5,1
1369,7.9,0.2,0.39,1.0,0.040999999999999995,37.0,154.0,0.99093,0.43,1
1370,5.4,0.27,0.22,4.6,0.022000000000000002,29.0,107.0,0.9888899999999999,0.54,1
1371,8.0,0.45,0.23,2.2,0.094,16.0,29.0,0.9962,0.49,0
1372,6.5,0.28,0.35,15.4,0.042,55.0,195.0,0.9978,0.5,1
1373,6.6,0.325,0.49,7.7,0.049,53.0,217.0,0.996,0.4,1
1374,6.4,0.32,0.23,16.2,0.055,36.0,176.0,0.9986,0.54,1
1375,5.3,0.165,0.24,1.1,0.051,25.0,105.0,0.9925,0.47,1
1376,11.5,0.315,0.54,2.1,0.084,5.0,15.0,0.9987,0.7,0
1377,6.8,0.18,0.37,1.6,0.055,47.0,154.0,0.9934,0.45,1
1378,7.4,0.2,0.43,7.8,0.045,27.0,153.0,0.9964,0.55,1
1379,8.2,0.37,0.36,1.0,0.034,17.0,93.0,0.9906,0.32,1
1380,5.6,0.235,0.29,1.2,0.047,33.0,127.0,0.991,0.5,1
1381,5.9,0.32,0.26,1.5,0.057,17.0,141.0,0.9917,0.36,1
1382,7.1,0.26,0.31,2.2,0.044000000000000004,29.0,128.0,0.9937,0.64,1
1383,7.2,0.685,0.21,9.5,0.07,33.0,172.0,0.9971,0.55,1
1384,6.6,0.28,0.34,0.8,0.037000000000000005,42.0,119.0,0.9888,0.37,1
1385,7.9,0.18,0.4,2.2,0.049,38.0,67.0,0.996,0.93,0
1386,8.0,0.28,0.32,7.6,0.045,61.0,204.0,0.9954299999999999,0.55,1
1387,6.9,0.19,0.35,1.7,0.036000000000000004,33.0,101.0,0.99315,0.54,1
1388,7.4,0.18,0.3,10.4,0.045,44.0,174.0,0.9966,0.57,1
1389,5.9,0.3,0.47,7.85,0.03,19.0,133.0,0.9933,0.43,1
1390,5.8,0.555,0.26,4.5,0.053,17.0,126.0,0.9943,0.46,1
1391,11.9,0.39,0.69,2.8,0.095,17.0,35.0,0.9994,0.61,0
1392,6.7,0.2,0.3,1.4,0.025,17.0,76.0,0.9910399999999999,0.44,1
1393,7.8,0.57,0.31,1.8,0.069,26.0,120.0,0.99625,0.53,0
1394,6.5,0.425,0.4,13.1,0.038,59.0,241.0,0.9979,0.57,1
1395,5.7,0.43,0.3,5.7,0.039,24.0,98.0,0.992,0.61,1
1396,7.6,0.31,0.49,3.95,0.044000000000000004,27.0,131.0,0.9912,0.67,1
1397,7.0,0.13,0.37,12.85,0.042,36.0,105.0,0.9958100000000001,0.55,1
1398,6.9,0.29,0.4,19.45,0.043,36.0,156.0,0.9996,0.47,1
1399,6.7,0.5,0.38,7.5,0.046,26.0,175.0,0.9966200000000001,0.54,1
1400,7.4,0.38,0.27,7.5,0.040999999999999995,24.0,160.0,0.99535,0.43,1
1401,6.7,0.27,0.25,8.0,0.053,54.0,202.0,0.9961,0.43,1
1402,5.2,0.185,0.22,1.0,0.03,47.0,123.0,0.99218,0.44,1
1403,6.8,0.2,0.28,12.6,0.048,54.0,136.0,0.99556,0.37,1
1404,6.3,0.27,0.46,11.75,0.037000000000000005,61.0,212.0,0.9971,0.53,1
1405,5.7,0.37,0.3,1.1,0.028999999999999998,24.0,88.0,0.9888299999999999,0.39,1
1406,9.2,0.25,0.34,1.2,0.026000000000000002,31.0,93.0,0.9916,0.37,1
1407,9.9,0.25,0.46,1.7,0.062,26.0,42.0,0.9959,0.83,0
1408,6.8,0.29,0.16,1.4,0.038,122.5,234.5,0.9922,0.47,1
1409,6.5,0.27,0.19,4.2,0.046,6.0,114.0,0.9955,0.35,1
1410,7.6,0.2,0.39,2.6,0.044000000000000004,30.0,180.0,0.9941,0.44,1
1411,6.5,0.33,0.3,3.8,0.036000000000000004,34.0,88.0,0.9902799999999999,0.63,1
1412,6.8,0.52,0.32,13.2,0.044000000000000004,54.0,221.0,0.9972,0.5,1
1413,5.8,0.2,0.24,1.4,0.033,65.0,169.0,0.9904299999999999,0.56,1
1414,7.9,0.66,0.0,1.4,0.096,6.0,13.0,0.99569,0.58,0
1415,5.8,0.25,0.24,13.3,0.044000000000000004,41.0,137.0,0.9972,0.42,1
1416,6.3,0.41,0.22,7.3,0.035,23.0,117.0,0.99172,0.39,1
1417,5.2,0.17,0.27,0.7,0.03,11.0,68.0,0.99218,0.41,1
1418,8.0,0.28,0.44,1.8,0.081,28.0,68.0,0.9950100000000001,0.66,0
1419,6.2,0.21,0.52,6.5,0.047,28.0,123.0,0.99418,0.49,1
1420,7.1,0.34,0.31,5.2,0.032,36.0,140.0,0.99166,0.47,1
1421,9.4,0.24,0.33,2.3,0.061,52.0,73.0,0.9978600000000001,0.9,0
1422,6.6,0.16,0.57,1.1,0.13,58.0,140.0,0.9927,0.39,1
1423,10.2,0.44,0.58,4.1,0.092,11.0,24.0,0.99745,0.99,0
1424,6.6,0.22,0.37,15.4,0.035,62.0,153.0,0.99845,0.4,1
1425,7.1,0.14,0.35,1.4,0.039,24.0,128.0,0.9921200000000001,0.68,1
1426,7.5,0.42,0.32,2.7,0.067,7.0,25.0,0.9962799999999999,0.44,0
1427,6.8,0.11,0.42,1.1,0.042,51.0,132.0,0.99059,0.74,1
1428,9.6,0.77,0.12,2.9,0.08199999999999999,30.0,74.0,0.99865,0.64,0
1429,6.7,0.25,0.26,1.55,0.040999999999999995,118.5,216.0,0.9949,0.63,1
1430,6.3,0.23,0.49,7.1,0.05,67.0,210.0,0.9951,0.34,1
1431,7.4,0.2,0.37,1.2,0.027999999999999997,28.0,89.0,0.9913200000000001,0.61,1
1432,7.1,0.16,0.44,2.5,0.068,17.0,31.0,0.9932799999999999,0.54,0
1433,7.7,0.29,0.48,2.3,0.049,36.0,178.0,0.9931,0.64,1
1434,9.5,0.59,0.44,2.3,0.071,21.0,68.0,0.9992,0.63,0
1435,7.0,0.24,0.3,4.2,0.04,41.0,213.0,0.9927,0.49,1
1436,7.8,0.2,0.24,1.6,0.026000000000000002,26.0,189.0,0.991,0.74,1
1437,10.1,0.43,0.4,2.6,0.092,13.0,52.0,0.99834,0.64,0
1438,6.8,0.27,0.22,8.1,0.034,55.0,203.0,0.9961,0.52,1
1439,8.7,0.22,0.42,2.3,0.053,27.0,114.0,0.9940000000000001,0.43,1
1440,6.3,0.29,0.23,14.2,0.037000000000000005,24.0,99.0,0.9952799999999999,0.38,1
1441,6.6,0.895,0.04,2.3,0.068,7.0,13.0,0.99582,0.58,0
1442,7.0,0.15,0.34,1.4,0.039,21.0,177.0,0.9927,0.62,1
1443,5.7,0.21,0.37,4.5,0.04,58.0,140.0,0.9933200000000001,0.62,1
1444,6.0,0.31,0.47,3.6,0.067,18.0,42.0,0.99549,0.66,0
1445,9.2,0.19,0.42,2.0,0.047,16.0,104.0,0.9951700000000001,0.66,1
1446,6.0,0.24,0.34,1.0,0.036000000000000004,52.0,184.0,0.99097,0.44,1
1447,6.6,0.25,0.33,8.5,0.042,29.0,141.0,0.99546,0.6,1
1448,5.1,0.26,0.33,1.1,0.027000000000000003,46.0,113.0,0.98946,0.43,1
1449,8.9,0.32,0.31,2.0,0.08800000000000001,12.0,19.0,0.9957,0.55,0
1450,8.8,0.37,0.48,2.1,0.09699999999999999,39.0,145.0,0.9975,1.03,0
1451,7.8,0.17,0.23,1.7,0.028999999999999998,39.0,128.0,0.99272,0.41,1
1452,7.1,0.43,0.42,5.5,0.071,28.0,128.0,0.9973,0.71,0
1453,8.0,0.48,0.34,2.2,0.073,16.0,25.0,0.9936,0.66,0
1454,6.3,0.39,0.35,5.9,0.04,82.5,260.0,0.9941,0.66,1
1455,7.0,0.27,0.41,18.75,0.042,34.0,157.0,1.0002,0.5,1
1456,8.8,0.47,0.49,2.9,0.085,17.0,110.0,0.9982,0.6,0
1457,7.5,0.29,0.24,9.9,0.057999999999999996,25.0,115.0,0.99567,0.46,1
1458,5.8,0.28,0.28,4.2,0.044000000000000004,52.0,158.0,0.992,0.44,1
1459,7.8,0.91,0.07,1.9,0.057999999999999996,22.0,47.0,0.99525,0.43,0
1460,6.5,0.18,0.26,1.4,0.040999999999999995,40.0,141.0,0.9941,0.72,1
1461,7.1,0.25,0.3,2.4,0.042,25.0,122.0,0.9940000000000001,0.61,1
1462,7.5,0.26,0.59,11.8,0.046,58.0,164.0,0.9981399999999999,0.46,1
1463,8.1,0.22,0.28,7.7,0.043,57.0,176.0,0.9954,0.55,1
1464,7.6,0.19,0.37,13.1,0.033,52.0,151.0,0.99726,0.79,1
1465,7.3,0.4,0.26,5.45,0.016,26.0,90.0,0.98951,0.54,1
1466,5.7,0.6,0.0,1.4,0.063,11.0,18.0,0.9919100000000001,0.56,0
1467,7.2,0.49,0.24,2.2,0.07,5.0,36.0,0.996,0.48,0
1468,9.2,0.52,1.0,3.4,0.61,32.0,69.0,0.9996,2.0,0
1469,6.8,0.18,0.28,9.8,0.039,29.0,113.0,0.99406,0.45,1
1470,6.2,0.34,0.28,7.5,0.034,40.0,197.0,0.99485,0.6,1
1471,5.9,0.32,0.2,14.4,0.05,29.0,144.0,0.99666,0.41,1
1472,8.0,0.19,0.3,2.0,0.053,48.0,140.0,0.9940000000000001,0.49,1
1473,7.1,0.4,0.52,1.3,0.14800000000000002,45.0,149.0,0.9946799999999999,0.56,1
1474,7.9,0.64,0.46,10.6,0.244,33.0,227.0,0.9983,0.74,1
1475,7.7,0.62,0.04,3.8,0.084,25.0,45.0,0.9978,0.53,0
1476,7.8,0.27,0.35,1.2,0.05,36.0,140.0,0.9913799999999999,0.45,1
1477,6.5,0.27,0.26,11.0,0.03,2.0,82.0,0.9940200000000001,0.36,1
1478,12.5,0.46,0.63,2.0,0.071,6.0,15.0,0.9988,0.87,0
1479,7.1,0.43,0.61,11.8,0.045,54.0,155.0,0.9974,0.45,1
1480,6.4,0.3,0.3,2.25,0.038,8.0,210.0,0.9937,0.62,1
1481,6.4,0.29,0.2,15.6,0.04,20.0,142.0,0.9962,0.54,1
1482,7.5,0.31,0.41,2.4,0.065,34.0,60.0,0.99492,0.85,0
1483,7.6,0.35,0.47,13.3,0.037000000000000005,42.0,116.0,0.9982200000000001,0.5,1
1484,6.5,0.17,0.54,8.5,0.08199999999999999,64.0,163.0,0.9959,0.39,1
1485,7.7,0.61,0.18,2.4,0.083,6.0,20.0,0.9963,0.6,0
1486,8.7,0.52,0.09,2.5,0.091,20.0,49.0,0.9976,0.86,0
1487,7.7,0.26,0.51,2.6,0.045,26.0,159.0,0.99126,0.5,1
1488,6.9,0.38,0.28,8.3,0.062,22.0,166.0,0.9950600000000001,0.72,1
1489,6.6,0.25,0.34,3.0,0.054000000000000006,22.0,141.0,0.9933799999999999,0.47,1
1490,10.5,0.51,0.64,2.4,0.107,6.0,15.0,0.9973,0.66,0
1491,7.1,0.31,0.5,14.5,0.059000000000000004,6.0,148.0,0.9983,0.44,1
1492,6.9,0.25,0.24,1.8,0.053,6.0,121.0,0.993,0.7,1
1493,6.7,0.28,0.28,4.5,0.051,14.0,92.0,0.99224,0.58,1
1494,5.4,0.22,0.29,1.2,0.045,69.0,152.0,0.9917799999999999,0.63,1
1495,6.5,0.36,0.31,4.1,0.061,20.0,134.0,0.99475,0.45,1
1496,6.2,0.3,0.32,1.7,0.032,30.0,130.0,0.9911,0.41,1
1497,6.5,0.32,0.12,11.5,0.033,35.0,165.0,0.9974,0.32,1
1498,7.0,0.17,0.74,12.8,0.045,24.0,126.0,0.9942,0.38,1
1499,6.6,0.36,0.52,11.3,0.046,8.0,110.0,0.9966,0.46,1
1500,8.4,0.62,0.12,1.8,0.07200000000000001,38.0,46.0,0.9950399999999999,0.89,0
1501,5.0,0.3,0.33,3.7,0.03,54.0,173.0,0.9887,0.3,1
1502,6.6,0.42,0.13,12.8,0.044000000000000004,26.0,158.0,0.99772,0.47,1
1503,8.8,0.28,0.45,6.0,0.022000000000000002,14.0,49.0,0.9934,0.33,1
1504,9.1,0.765,0.04,1.6,0.078,4.0,14.0,0.998,0.54,0
1505,7.1,0.35,0.29,2.5,0.096,20.0,53.0,0.9962,0.65,0
1506,5.6,0.16,0.27,1.4,0.044000000000000004,53.0,168.0,0.9918,0.37,1
1507,6.3,0.24,0.55,8.1,0.04,67.0,216.0,0.9959600000000001,0.5,1
1508,7.9,0.51,0.25,2.9,0.077,21.0,45.0,0.9974,0.96,0
1509,6.6,0.26,0.56,15.4,0.053,32.0,141.0,0.9981,0.49,1
1510,6.6,0.725,0.2,7.8,0.073,29.0,79.0,0.9977,0.54,0
1511,7.5,0.21,0.32,4.8,0.055999999999999994,39.0,113.0,0.99393,0.52,1
1512,6.4,0.41,0.01,6.1,0.048,20.0,70.0,0.9936200000000001,0.42,1
1513,7.3,0.35,0.67,8.3,0.053,10.0,100.0,0.9959,0.5,1
1514,6.2,0.34,0.29,7.6,0.047,45.0,232.0,0.9955,0.62,1
1515,5.5,0.24,0.45,1.7,0.046,22.0,113.0,0.99224,0.48,1
1516,7.7,0.26,0.31,1.3,0.043,47.0,155.0,0.9937,0.5,1
1517,10.6,1.025,0.43,2.8,0.08,21.0,84.0,0.9985,0.57,0
1518,7.1,0.31,0.47,13.6,0.055999999999999994,54.0,197.0,0.9978,0.49,1
1519,10.7,0.22,0.56,8.2,0.044000000000000004,37.0,181.0,0.998,0.68,1
1520,10.4,0.55,0.23,2.7,0.091,18.0,48.0,0.9994,0.64,0
1521,7.8,0.53,0.01,1.6,0.077,3.0,19.0,0.995,0.46,0
1522,6.4,0.23,0.35,4.6,0.039,43.0,147.0,0.99216,0.4,1
1523,7.9,0.26,0.33,10.3,0.039,73.0,212.0,0.9969,0.49,1
1524,8.1,0.25,0.34,10.1,0.05,30.0,121.0,0.99724,0.49,1
1525,7.7,0.23,0.37,1.8,0.046,23.0,60.0,0.9971,0.71,0
1526,10.4,0.64,0.24,2.8,0.105,29.0,53.0,0.9998,0.67,0
1527,7.7,0.69,0.22,1.9,0.084,18.0,94.0,0.9961,0.48,0
1528,7.0,0.805,0.0,2.5,0.068,7.0,20.0,0.9969,0.56,0
1529,6.8,0.35,0.44,6.5,0.055999999999999994,31.0,161.0,0.9952,0.44,1
1530,6.6,0.54,0.21,16.3,0.055,41.0,182.0,0.9986,0.54,1
1531,6.4,0.18,0.28,17.05,0.047,53.0,139.0,0.99724,0.35,1
1532,6.8,0.37,0.51,11.8,0.044000000000000004,62.0,163.0,0.9976,0.44,1
1533,7.5,0.3,0.21,6.55,0.026000000000000002,33.0,143.0,0.99244,0.35,1
1534,7.4,0.6,0.26,2.1,0.083,17.0,91.0,0.99616,0.56,0
1535,6.5,0.33,0.32,1.0,0.040999999999999995,39.0,120.0,0.9900399999999999,0.37,1
1536,8.0,0.3,0.49,9.4,0.046,47.0,188.0,0.9964,0.48,1
1537,7.3,0.55,0.01,1.8,0.09300000000000001,9.0,15.0,0.9951399999999999,0.58,0
1538,6.8,0.27,0.32,1.5,0.044000000000000004,19.0,142.0,0.9921,0.43,1
1539,7.2,0.3,0.26,1.5,0.040999999999999995,46.0,178.0,0.99154,0.56,1
1540,6.4,0.25,0.53,6.6,0.038,59.0,234.0,0.9955,0.42,1
1541,7.3,0.17,0.23,6.3,0.051,35.0,240.0,0.9963,0.54,1
1542,9.0,0.54,0.49,2.9,0.094,41.0,110.0,0.9982,0.61,0
1543,7.4,0.5,0.47,2.0,0.086,21.0,73.0,0.997,0.57,0
1544,6.0,0.24,0.28,3.95,0.038,61.0,134.0,0.99146,0.54,1
1545,6.4,0.32,0.27,4.9,0.034,18.0,122.0,0.9916,0.71,1
1546,6.6,0.28,0.3,12.9,0.033,31.0,177.0,0.99479,0.39,1
1547,7.7,0.28,0.29,4.3,0.051,25.0,142.0,0.9939,0.39,1
1548,6.4,0.1,0.35,4.9,0.048,31.0,103.0,0.9947,0.79,1
1549,7.6,0.35,0.46,14.7,0.047,33.0,151.0,0.9970899999999999,0.53,1
1550,6.4,0.15,0.4,1.5,0.042,23.0,87.0,0.98972,0.46,1
1551,6.6,0.27,0.31,5.3,0.13699999999999998,35.0,163.0,0.9951,0.38,1
1552,7.2,0.46,0.65,10.4,0.05,76.0,192.0,0.9976,0.42,1
1553,7.2,0.26,0.38,1.5,0.061,12.0,120.0,0.99192,0.46,1
1554,6.8,0.57,0.0,2.5,0.07200000000000001,32.0,64.0,0.9949100000000001,0.56,0
1555,6.6,0.22,0.35,1.4,0.05,23.0,83.0,0.99019,0.48,1
1556,7.4,0.34,0.42,1.1,0.033,17.0,171.0,0.9917,0.53,1
1557,6.9,0.19,0.6,4.0,0.037000000000000005,6.0,122.0,0.99255,0.59,1
1558,5.8,0.415,0.13,1.4,0.04,11.0,64.0,0.9922,0.52,1
1559,6.2,0.28,0.22,7.3,0.040999999999999995,26.0,157.0,0.9957,0.64,1
1560,6.4,0.55,0.26,9.6,0.027000000000000003,20.0,104.0,0.9924,0.73,1
1561,7.0,0.23,0.36,7.1,0.027999999999999997,31.0,104.0,0.9922,0.47,1
1562,8.5,0.44,0.5,1.9,0.369,15.0,38.0,0.99634,1.1,0
1563,6.7,0.22,0.22,1.2,0.038,5.0,124.0,0.99098,0.37,1
1564,6.1,0.41,0.2,12.6,0.032,54.0,136.0,0.99516,0.43,1
1565,7.4,0.7,0.0,1.9,0.076,11.0,34.0,0.9978,0.56,0
1566,6.3,0.2,0.58,1.4,0.204,15.0,97.0,0.9931,0.43,1
1567,6.4,0.13,0.28,0.9,0.045,32.0,87.0,0.99175,0.52,1
1568,7.2,0.32,0.3,8.25,0.02,14.0,104.0,0.9936200000000001,0.44,1
1569,7.4,0.38,0.34,8.3,0.052000000000000005,44.0,168.0,0.9962700000000001,0.52,1
1570,7.3,0.65,0.0,1.2,0.065,15.0,21.0,0.9946,0.47,0
1571,8.9,0.635,0.37,1.7,0.263,5.0,62.0,0.9971,1.09,0
1572,7.9,0.2,0.35,1.7,0.054000000000000006,7.0,15.0,0.9945799999999999,0.8,0
1573,11.2,0.28,0.56,1.9,0.075,17.0,60.0,0.998,0.58,0
1574,7.4,0.26,0.3,7.9,0.049,38.0,157.0,0.9963,0.48,1
1575,5.8,0.38,0.26,1.1,0.057999999999999996,20.0,140.0,0.99271,0.43,1
1576,6.8,0.34,0.74,2.8,0.08800000000000001,23.0,185.0,0.9928,0.7,1
1577,7.1,0.21,0.3,1.4,0.037000000000000005,45.0,143.0,0.9932,0.33,1
1578,7.2,0.27,0.37,5.4,0.026000000000000002,27.0,114.0,0.99174,0.84,1
1579,7.9,0.22,0.49,3.8,0.042,26.0,105.0,0.993,0.39,1
1580,6.7,0.24,0.3,3.85,0.042,105.0,179.0,0.9918899999999999,0.59,1
1581,6.4,0.795,0.0,2.2,0.065,28.0,52.0,0.9937799999999999,0.52,0
1582,6.8,0.34,0.1,1.4,0.049,29.0,118.0,0.9936,0.41,1
1583,7.5,0.19,0.49,1.6,0.047,42.0,140.0,0.9932,0.47,1
1584,6.6,0.16,0.25,9.8,0.049,59.5,137.0,0.995,0.38,1
1585,7.3,0.25,0.29,7.5,0.049,38.0,158.0,0.9965,0.38,1
1586,6.2,0.3,0.2,6.6,0.045,42.0,170.0,0.9944,0.45,1
1587,6.6,0.26,0.28,9.4,0.027999999999999997,13.0,121.0,0.99254,0.34,1
1588,8.5,0.24,0.39,10.4,0.044000000000000004,20.0,142.0,0.9974,0.53,1
1589,9.1,0.76,0.68,1.7,0.414,18.0,64.0,0.9965200000000001,1.33,0
1590,6.5,0.29,0.31,1.7,0.035,24.0,79.0,0.9905299999999999,0.69,1
1591,7.8,0.43,0.49,13.0,0.033,37.0,158.0,0.9955,0.35,1
1592,6.6,0.2,0.27,10.9,0.038,29.0,130.0,0.9949600000000001,0.44,1
1593,7.9,0.255,0.26,2.0,0.026000000000000002,40.0,190.0,0.9932,0.39,1
1594,7.4,0.27,0.26,11.8,0.053,55.0,173.0,0.9969899999999999,0.6,1
1595,7.0,0.65,0.02,2.1,0.066,8.0,25.0,0.9972,0.67,0
